-- MySQL dump 10.13  Distrib 5.7.23-23, for Linux (x86_64)
--
-- Host: localhost    Database: pasaiaor_bizikletak
-- ------------------------------------------------------
-- Server version	5.7.23-23

/*!40101 SET @OLD_CHARACTER_SET_CLIENT=@@CHARACTER_SET_CLIENT */;
/*!40101 SET @OLD_CHARACTER_SET_RESULTS=@@CHARACTER_SET_RESULTS */;
/*!40101 SET @OLD_COLLATION_CONNECTION=@@COLLATION_CONNECTION */;
/*!40101 SET NAMES utf8 */;
/*!40103 SET @OLD_TIME_ZONE=@@TIME_ZONE */;
/*!40103 SET TIME_ZONE='+00:00' */;
/*!40014 SET @OLD_UNIQUE_CHECKS=@@UNIQUE_CHECKS, UNIQUE_CHECKS=0 */;
/*!40014 SET @OLD_FOREIGN_KEY_CHECKS=@@FOREIGN_KEY_CHECKS, FOREIGN_KEY_CHECKS=0 */;
/*!40101 SET @OLD_SQL_MODE=@@SQL_MODE, SQL_MODE='NO_AUTO_VALUE_ON_ZERO' */;
/*!40111 SET @OLD_SQL_NOTES=@@SQL_NOTES, SQL_NOTES=0 */;
/*!50717 SELECT COUNT(*) INTO @rocksdb_has_p_s_session_variables FROM INFORMATION_SCHEMA.TABLES WHERE TABLE_SCHEMA = 'performance_schema' AND TABLE_NAME = 'session_variables' */;
/*!50717 SET @rocksdb_get_is_supported = IF (@rocksdb_has_p_s_session_variables, 'SELECT COUNT(*) INTO @rocksdb_is_supported FROM performance_schema.session_variables WHERE VARIABLE_NAME=\'rocksdb_bulk_load\'', 'SELECT 0') */;
/*!50717 PREPARE s FROM @rocksdb_get_is_supported */;
/*!50717 EXECUTE s */;
/*!50717 DEALLOCATE PREPARE s */;
/*!50717 SET @rocksdb_enable_bulk_load = IF (@rocksdb_is_supported, 'SET SESSION rocksdb_bulk_load = 1', 'SET @rocksdb_dummy_bulk_load = 0') */;
/*!50717 PREPARE s FROM @rocksdb_enable_bulk_load */;
/*!50717 EXECUTE s */;
/*!50717 DEALLOCATE PREPARE s */;

--
-- Table structure for table `bezero_zigorra`
--

DROP TABLE IF EXISTS `bezero_zigorra`;
/*!40101 SET @saved_cs_client     = @@character_set_client */;
/*!40101 SET character_set_client = utf8 */;
CREATE TABLE `bezero_zigorra` (
  `id` int(11) NOT NULL AUTO_INCREMENT,
  `bezeroa_id` int(11) DEFAULT NULL,
  `zigorra_id` int(11) DEFAULT NULL,
  `zigorra_hasi` datetime DEFAULT NULL,
  `zigorra_amaitu` datetime DEFAULT NULL,
  `created_at` datetime NOT NULL,
  `updated_at` datetime NOT NULL,
  PRIMARY KEY (`id`),
  KEY `IDX_E2379920836056D8` (`bezeroa_id`),
  KEY `IDX_E23799208A934C57` (`zigorra_id`),
  CONSTRAINT `FK_E2379920836056D8` FOREIGN KEY (`bezeroa_id`) REFERENCES `bezeroa` (`id`),
  CONSTRAINT `FK_E23799208A934C57` FOREIGN KEY (`zigorra_id`) REFERENCES `zigorra` (`id`)
) ENGINE=InnoDB DEFAULT CHARSET=utf8 COLLATE=utf8_unicode_ci;
/*!40101 SET character_set_client = @saved_cs_client */;

--
-- Dumping data for table `bezero_zigorra`
--

LOCK TABLES `bezero_zigorra` WRITE;
/*!40000 ALTER TABLE `bezero_zigorra` DISABLE KEYS */;
/*!40000 ALTER TABLE `bezero_zigorra` ENABLE KEYS */;
UNLOCK TABLES;

--
-- Table structure for table `bezeroa`
--

DROP TABLE IF EXISTS `bezeroa`;
/*!40101 SET @saved_cs_client     = @@character_set_client */;
/*!40101 SET character_set_client = utf8 */;
CREATE TABLE `bezeroa` (
  `id` int(11) NOT NULL AUTO_INCREMENT,
  `izena` varchar(255) COLLATE utf8_unicode_ci NOT NULL,
  `nan` varchar(9) COLLATE utf8_unicode_ci NOT NULL,
  `bazkidea` tinyint(1) DEFAULT NULL,
  `ordainketa` tinyint(1) DEFAULT NULL,
  `pasaitarra` tinyint(1) DEFAULT NULL,
  `alokairua` tinyint(1) DEFAULT NULL,
  `kopurua` double DEFAULT NULL,
  `mugikorra` varchar(255) COLLATE utf8_unicode_ci NOT NULL,
  `email` varchar(255) COLLATE utf8_unicode_ci NOT NULL,
  `helbidea` varchar(255) COLLATE utf8_unicode_ci DEFAULT NULL,
  `sinatuta` tinyint(1) DEFAULT NULL,
  `oharrak` varchar(255) COLLATE utf8_unicode_ci DEFAULT NULL,
  `created_at` datetime NOT NULL,
  `updated_at` datetime NOT NULL,
  `alokatua` tinyint(1) DEFAULT NULL,
  `kopurua2` double DEFAULT NULL,
  `udallangilea` tinyint(1) DEFAULT NULL,
  `baimenberezia` tinyint(1) DEFAULT NULL,
  `iraungitze` datetime DEFAULT NULL,
  PRIMARY KEY (`id`),
  UNIQUE KEY `UNIQ_E943799C6BE42981` (`nan`)
) ENGINE=InnoDB AUTO_INCREMENT=306 DEFAULT CHARSET=utf8 COLLATE=utf8_unicode_ci;
/*!40101 SET character_set_client = @saved_cs_client */;

--
-- Dumping data for table `bezeroa`
--

LOCK TABLES `bezeroa` WRITE;
/*!40000 ALTER TABLE `bezeroa` DISABLE KEYS */;
INSERT INTO `bezeroa` VALUES (2,'IBAI SAAVEDRA ALONSO','44154050F',1,0,0,0,NULL,'676139163','isaavedra@pasaia.net',NULL,1,'<p>Udaletxeko langilea da.</p>\r\n\r\n<p>Bazkidetza iraungitze data:&nbsp;2016.09.10</p>','2016-06-08 03:17:48','2016-06-08 03:17:48',0,NULL,1,0,NULL),(3,'Antton Cuadrado Iraola','72498137K',0,0,0,0,NULL,'690849545','acuadrado@pasaia.net',NULL,1,'<p>Udal langilea</p>','2016-07-07 02:43:43','2016-07-07 02:43:43',0,NULL,NULL,NULL,NULL),(5,'Carmen Garcia Diz','15875325V',1,0,0,0,0,'617353536','garciadizcarmen@gmail.com',NULL,1,'<p>Hilabeteko bazkidetza du. 2016ko Abuztuaren 18rarte Trintxerpeko Kirolguneko bazkidea da</p>','2016-07-11 04:58:28','2016-07-11 04:58:28',0,NULL,0,0,'2016-08-18 00:00:00'),(6,'Aratz Arrospide Cascallar','72489488C',1,0,0,0,NULL,'616217571','motorleathermusic@gmail.com',NULL,1,'<p>2017ko urtarrilak 7rarte Trintxerpeko Kirolgunekoa bazkidea da</p>','2016-07-12 04:04:32','2016-07-12 04:04:32',0,NULL,0,0,'2019-01-07 00:00:00'),(7,'Martín Melero Schnitzler','Y3235282R',1,0,0,0,NULL,'636613812','msmelero@gmail.com',NULL,1,'<p>2017ko urtarrilak 7rarte Trintxerpeko Kirolgunekoa bazkidea da</p>','2016-07-12 04:05:41','2016-07-12 04:05:41',0,NULL,0,0,'2019-01-07 00:00:00'),(8,'Antxon Kaskallar Benposta','15883329N',1,0,0,0,NULL,'628461984','zimaurra@hotmail.com',NULL,1,'<p>2017ko Urtarrilak 11rarte Trintxerpeko Kirolguneko bazkidea da.</p>','2016-07-12 04:09:33','2016-07-12 04:09:33',0,NULL,0,0,'2019-01-07 00:00:00'),(9,'M snealaerwaard','123360754',0,1,0,1,3,'+31628445563','astrid65@x54all.al',NULL,0,'<p>3 orduz bizikleta alokatu duten, hiru holandar familia.</p>','2016-07-15 04:28:35','2016-07-15 04:28:35',0,NULL,NULL,NULL,NULL),(25,'MARIA  ANDUEZA FERNANDEZ','72484644Y',0,1,1,0,10,'682608873','m.andueza.f@gmail.com',NULL,1,NULL,'2016-07-15 05:17:02','2016-07-15 05:17:02',0,NULL,0,0,'2020-08-20 00:00:00'),(27,'PABLO GONZALEZ DE JUANA','72603641R',0,0,0,0,10,'688860403','imagonpa@gmail.com',NULL,0,NULL,'2016-07-15 05:21:08','2016-07-15 05:21:08',0,NULL,NULL,NULL,NULL),(29,'GONZALEZ PARADELA IMANOL','15954858B',0,0,0,0,10,'688860403','imagonpa@gmail.com',NULL,0,NULL,'2016-07-15 05:22:47','2016-07-15 05:22:47',0,NULL,NULL,NULL,NULL),(30,'Astrid','135020839',0,1,0,1,3,'0235259114','',NULL,0,'<p>3 pertsonetako familiar holandesa</p>','2016-07-15 05:22:56','2016-07-15 05:22:56',0,NULL,NULL,NULL,NULL),(31,'wiebe snalderwaard','',0,1,0,1,3,'+31628445563','',NULL,0,'<p>3pertsonetako familia holandesa</p>','2016-07-15 05:27:46','2016-07-15 05:27:46',0,NULL,NULL,NULL,NULL),(32,'MARTXEL SAIZAR SARASUA','15970892Z',0,0,0,0,NULL,'688718242','',NULL,1,NULL,'2016-07-15 05:50:30','2016-07-15 05:50:30',0,NULL,NULL,NULL,NULL),(33,'TANIA DE LA CRUZ BUENO','72544999D',0,1,1,0,10,'605769219','taniadelacruz@hotmail.com',NULL,0,NULL,'2016-07-20 05:18:53','2016-07-20 05:18:53',0,NULL,0,0,'2020-09-11 00:00:00'),(34,'Ibon Ezcurra Escamendi','72465417 ',1,0,0,0,1,'605768310','',NULL,0,NULL,'2016-07-30 02:12:57','2016-07-30 02:12:57',0,NULL,NULL,NULL,NULL),(35,'JAIONE URRUZOLA ARITZETA','15979616K',0,0,0,0,1,'616748467','JURRUZOLA@PASAIA.NET',NULL,1,'<p>Udal langilea</p>','2016-08-01 00:54:25','2016-08-01 00:54:25',0,NULL,NULL,NULL,NULL),(36,'MAITANE ARAMENDI AZKARATE','44134460J',0,1,1,0,10,'636782121','maitanearamendi@hotmail.com',NULL,1,NULL,'2016-08-01 06:30:28','2016-08-01 06:30:28',0,NULL,0,0,'2019-09-09 00:00:00'),(37,'ANGEL BUENO PINEDA','74716520P',0,1,1,0,10,'636782121','angelpineda@gmail.com',NULL,1,NULL,'2016-08-01 06:32:51','2016-08-01 06:32:51',0,NULL,0,0,'2021-06-15 00:00:00'),(39,'Yolanda Gómez Prieto','35775360',1,0,1,0,0,'630512086','yolangp@yahoo.es',NULL,0,NULL,'2016-08-13 16:57:08','2016-08-13 16:57:08',0,0,0,0,'2017-01-04 00:00:00'),(43,'Isabel Benali Traba','44159299n',0,0,1,0,10,'667201368','ibenalitraba@gmail.com',NULL,1,NULL,'2016-08-25 10:12:54','2016-08-25 10:12:54',0,0,0,0,'2019-09-03 00:00:00'),(44,'Iñigo Barrenetxea Berastegi','15988166S',0,1,1,0,10,'667830918','eiderolatz@gmail.com',NULL,1,NULL,'2016-08-25 10:15:39','2016-08-25 10:15:39',0,0,0,0,'2019-09-03 00:00:00'),(45,'Allel Benguergovra','X6529705M',0,0,1,0,10,'602507297','all-95@hotmail.com',NULL,1,'<p>Adin txikikoa:</p>\r\n\r\n<p>Amaren datuak: Kheira Bedjaovi Mokdad-602.50.72.97</p>','2016-08-26 12:53:15','2016-08-26 12:53:15',0,0,0,0,'2017-08-23 00:00:00'),(46,'Emaldi Cereijo Etxarri','44569908',1,0,1,0,0,'618 894 812','emaripu@gmail.com',NULL,1,NULL,'2016-08-27 10:25:51','2016-08-27 10:25:51',0,0,0,0,'2018-09-05 00:00:00'),(47,'JOSE MANUEL MANEIRO DOMINGUEZ','15974306',0,0,0,0,0,'670635552','trintxerpe@trintxerpe.com',NULL,1,NULL,'2016-09-16 13:31:37','2016-09-16 13:31:37',0,0,0,0,'2017-12-09 00:00:00'),(49,'jone barrera lamberri','15934933g',0,1,0,0,0,'660601494','barrera.arantza@gmail.com',NULL,1,NULL,'2016-09-22 16:42:12','2016-09-22 16:42:12',0,1,0,0,'2016-09-22 00:00:00'),(50,'arantza barrera lanberri','72433087s',0,1,1,1,0,'660601494','barrara.arantza@gmail.com',NULL,1,NULL,'2016-09-22 16:45:57','2016-09-22 16:45:57',0,0,0,0,'2016-09-22 00:00:00'),(51,'iñaki','49582717F',0,0,1,0,0,'618833745','ikaki_mon@hotmail.com',NULL,1,NULL,'2016-09-23 13:35:26','2016-09-23 13:35:26',NULL,0,0,0,'2016-09-23 00:00:00'),(56,'mariaisabel franco lopez','52348009T',0,1,1,0,0,'607994270','mfrancolopez0@gmail.com',NULL,0,NULL,'2016-09-23 17:11:54','2016-09-23 17:11:54',NULL,0,0,0,'2016-09-23 00:00:00'),(57,'ALEXANDER BOUBETA LUIS','72466137Z',1,0,0,0,0,'667850853','-',NULL,0,NULL,'2016-09-26 10:35:05','2016-09-26 10:35:05',0,0,0,0,'2019-02-06 00:00:00'),(58,'AFRICA DIAZ DI MALTA','44140293G',1,0,0,0,0,'609984982','africadimalta@gmail.com',NULL,0,NULL,'2016-09-26 10:36:23','2016-09-26 10:36:23',0,0,0,0,'2018-09-30 00:00:00'),(59,'EVA PERALES VARONA','34089699L',1,0,0,0,0,'620349565','evaperales1@gmail.com',NULL,0,NULL,'2016-09-26 10:37:48','2016-09-26 10:37:48',NULL,0,0,0,'2018-09-30 00:00:00'),(60,'Lidia Rodriguez Iglesias','44168319Q',1,0,0,0,0,'-','lidi20peke@hotmail.com',NULL,0,NULL,'2016-09-29 12:51:16','2016-09-29 12:51:16',0,0,0,0,'2019-09-15 00:00:00'),(61,'Jonathan Laumon Rodriguez','47235673k',0,0,1,0,10,'667913338','jlaumon@gmail.com',NULL,0,NULL,'2016-10-03 10:36:56','2016-10-03 10:36:56',0,0,0,0,'2017-10-02 00:00:00'),(62,'INES ETXEBERRIA ALCARAZ','724415975',1,0,1,0,0,'646710200','falta da',NULL,1,NULL,'2016-10-03 11:08:33','2016-10-03 11:08:33',0,0,0,0,'2018-09-10 00:00:00'),(63,'Amaia Murua Arrizabalaga','44142064G',1,0,0,0,0,'677862275','-',NULL,0,NULL,'2016-10-04 12:28:36','2016-10-04 12:28:36',0,0,0,0,'2019-09-30 00:00:00'),(64,'IDOIA LOINAZ MARTIN','34085082W',1,1,1,0,0,'600880346','ILONAZ@GMAIL.COM',NULL,1,NULL,'2016-10-15 11:30:22','2016-10-15 11:30:22',NULL,0,0,0,'2016-10-15 00:00:00'),(65,'Maria Angeles Martin Laranga','72491585R',0,0,1,0,10,'677133428','marian_marla@hotmail.com',NULL,0,NULL,'2016-10-20 09:50:13','2016-10-20 09:50:13',NULL,0,0,0,'2017-10-18 00:00:00'),(76,'REYES CAMARA MANCISIDOR','15966618H',0,0,0,0,0,'607266491','erresina63@hotmail.com',NULL,0,NULL,'2016-10-24 20:33:21','2016-10-24 20:33:21',0,0,0,0,'2018-11-23 00:00:00'),(89,'Igone Urtizberea Sein','34102688',1,0,1,0,0,'686576688','kkk',NULL,1,NULL,'2016-10-25 19:51:39','2016-10-25 19:51:39',0,0,0,0,'2018-01-14 00:00:00'),(90,'PIERRE,ROBERT','060263400',0,1,0,1,3,'0671033586','-',NULL,0,'<p>EGUN OSOKO ALOKAIRUA</p>\r\n\r\n<p>8 Frantsesez osaturiko taldea. 7 bizikleta Trintxerpeko kirolgunean hartu dituzte. 8. bizkleta Donibanen hartuko dute.</p>','2016-10-31 11:25:50','2016-10-31 11:25:50',0,18,0,0,NULL),(91,'THOMAS ROBERTS','-',0,1,0,1,0,'0671033586','-',NULL,0,'<p>EGUN OSOKO ALOKAIRUA</p>\r\n\r\n<p>8 Frantsesez osaturiko taldea. 7 bizikleta Trintxerpeko kirolgunean hartu dituzte. 8. bizkleta Donibanen hartuko dute.</p>','2016-10-31 11:26:42','2016-10-31 11:26:42',0,18,0,0,NULL),(98,'LILA','0',0,1,0,1,0,'0671033586','0',NULL,0,'<p>EGUN OSOKO ALOKAIRUA</p>\r\n\r\n<p>8 Frantsesez osaturiko taldea. 7 bizikleta Trintxerpeko kirolgunean hartu dituzte. 8. bizkleta Donibanen hartuko dute.</p>','2016-10-31 11:33:58','2016-10-31 11:33:58',0,18,0,0,NULL),(126,'NOE ROBERT','000000000',0,1,0,1,0,'0671033586','a@a',NULL,0,'<p>EGUN OSOKO ALOKAIRUA</p>\r\n\r\n<p>8 Frantsesez osaturiko taldea. 7 bizikleta Trintxerpeko kirolgunean hartu dituzte. 8. bizkleta Donibanen hartuko dute.</p>','2016-11-03 09:57:41','2016-11-03 09:57:41',0,18,0,0,NULL),(128,'JULIE','11111111',0,1,0,1,0,'0671033586','@',NULL,0,'<p>EGUN OSOKO ALOKAIRUA</p>\r\n\r\n<p>8 Frantsesez osaturiko taldea. 7 bizikleta Trintxerpeko kirolgunean hartu dituzte. 8. bizkleta Donibanen hartuko dute.</p>','2016-11-03 09:59:40','2016-11-03 09:59:40',0,18,0,0,NULL),(129,'Andrei','1',0,1,0,1,0,'0671033586','@',NULL,0,'<p>EGUN OSOKO ALOKAIRUA</p>\r\n\r\n<p>8 Frantsesez osaturiko taldea. 7 bizikleta Trintxerpeko kirolgunean hartu dituzte. 8. bizkleta Donibanen hartuko dute.</p>','2016-11-03 10:00:20','2016-11-03 10:00:20',0,18,0,0,NULL),(130,'FRANCOIS','2',0,1,0,1,0,'0671033586','@',NULL,0,'<p>EGUN OSOKO ALOKAIRUA</p>\r\n\r\n<p>8 Frantsesez osaturiko taldea. 7 bizikleta Trintxerpeko kirolgunean hartu dituzte. 8. bizkleta Donibanen hartuko dute.</p>','2016-11-03 10:00:46','2016-11-03 10:00:46',0,18,0,0,NULL),(131,'SYLVIE HANSARD','3',0,1,0,1,0,'0671033586','@',NULL,0,'<p>EGUN OSOKO ALOKAIRUA</p>\r\n\r\n<p>8 Frantsesez osaturiko taldea. 7 bizikleta Trintxerpeko kirolgunean hartu dituzte. 8. bizkleta Donibanen hartuko dute.</p>','2016-11-03 10:01:30','2016-11-03 10:01:30',0,18,0,0,NULL),(132,'IÑIGO ORTEGA','44133174S',0,0,1,0,0,'667400641','odeilur@gmail.com',NULL,0,NULL,'2016-11-16 14:01:39','2016-11-16 14:01:39',0,0,0,0,'2017-11-15 00:00:00'),(133,'AITZIBER EGUSKIZA','78884737G',0,0,0,0,0,'657730487','aeguzkiza@pasaia.net',NULL,0,NULL,'2016-11-21 09:21:26','2016-11-21 09:21:26',0,0,1,0,NULL),(134,'Miren Camino Calleja','72461583Z',1,0,0,0,0,'639001171','caminomiren@gmail.com',NULL,1,NULL,'2016-11-25 16:29:54','2016-11-25 16:29:54',0,0,0,0,'2017-10-21 00:00:00'),(136,'PAULA MARTINEZ SASTRIQUES','38882096K',0,0,0,1,0,'608580140','paulaa.796@hotmail.com',NULL,0,'<p>Azaroak 26ean ordu eta erdirako alokatu du bizikleta</p>','2016-11-26 11:24:16','2016-11-26 11:24:16',0,5,0,0,NULL),(137,'Adolfo Mendez Bejarano','6264930',0,0,1,0,10,'612517352','-',NULL,0,NULL,'2016-12-05 12:55:42','2016-12-05 12:55:42',0,0,0,0,'2017-12-04 00:00:00'),(138,'FELIPE SAN BUENAVENTURA SALABERRIA','15918080X',1,0,1,0,0,'669651095','asundirdai@gmail.com',NULL,1,NULL,'2016-12-09 16:16:23','2016-12-09 16:16:23',NULL,0,0,0,'2018-09-29 00:00:00'),(139,'FELIX SESMA IGOA','15916742Y',0,0,0,0,0,'637951459','X',NULL,1,NULL,'2016-12-09 16:19:09','2016-12-09 16:19:09',NULL,0,0,0,'2018-09-22 00:00:00'),(140,'LEONOR ABAD ALANDI','72471512F',1,0,0,0,0,'630719518','leoabad32@gmail.com',NULL,1,NULL,'2016-12-14 11:28:52','2016-12-14 11:28:52',0,0,0,0,'2018-09-10 00:00:00'),(141,'YOLI GARCIA HERMIDA','35775750D',1,0,0,0,0,'637458175','bisemeri@gmail.com',NULL,1,NULL,'2016-12-14 14:54:40','2016-12-14 14:54:40',0,0,0,0,'2018-09-10 00:00:00'),(142,'Idoia Lopez Alkorta','15959010T',1,0,0,0,0,'629913370','alkorta19@yahoo.es',NULL,0,NULL,'2016-12-27 10:41:20','2016-12-27 10:41:20',0,0,0,0,'2019-10-10 00:00:00'),(143,'GURUTZE MANCISIDOR TORRES','44134831Q',1,0,1,0,0,'44134831Q','X',NULL,1,NULL,'2017-02-24 15:46:13','2017-02-24 15:46:13',0,0,0,0,'2018-09-19 00:00:00'),(144,'AMAIA GOÑI GARMENDIA','35777172M',0,0,1,0,0,'656415747','agogarmendia@gmail.com',NULL,0,NULL,'2017-02-25 10:56:33','2017-02-25 10:56:33',0,0,0,0,'2017-11-28 00:00:00'),(145,'Jesus Mari Amescua Larrión','16249355',0,0,0,1,NULL,'943613828','jmamescua@yahoo.es',NULL,1,'<p>C modalitatean eman du alta</p>','2017-04-12 19:05:15','2017-04-12 19:05:15',NULL,0,0,0,NULL),(146,'Montserrat Jimémez Pisaca','42044624A',0,0,0,1,NULL,'922289202','montse2323bk@hotmail.com',NULL,1,'<p>C modalitatean eman du alta</p>','2017-04-12 19:07:11','2017-04-12 19:07:11',NULL,0,0,0,NULL),(147,'Lilian Aida Araniva Araniva','45197679B',1,0,1,0,0,'600464807','luraniva@gmail.com',NULL,1,NULL,'2017-04-22 11:28:30','2017-04-22 11:28:30',0,0,0,0,'2018-04-13 00:00:00'),(148,'LUIS FRANCISCO MARTINEZ FERNANDEZ','48463672L',0,1,1,0,0,'645964080','lfmfgt@gmail.com',NULL,1,NULL,'2017-05-24 09:58:15','2017-05-24 09:58:15',0,0,0,0,NULL),(149,'AVELINO SAYANS SANTAMARIA','15930017X',0,1,1,0,0,'686633343','.',NULL,1,NULL,'2017-06-09 10:35:22','2017-06-09 10:35:22',0,0,0,0,'2021-01-29 00:00:00'),(150,'jone miren larrea ormazabal','15922126P',1,0,0,0,0,'615789984','.',NULL,0,NULL,'2017-06-14 10:38:09','2017-06-14 10:38:09',0,0,0,0,'2019-01-09 00:00:00'),(151,'maria luisa ulla zabalo','15874236G',0,1,0,0,0,'.','.',NULL,0,NULL,'2017-06-14 10:39:01','2017-06-14 10:39:01',0,0,0,0,NULL),(152,'MANUEL PEREIRA AGRELO','44126160Q',0,1,1,0,0,'664488684','manuagrelo@gmail.com',NULL,1,NULL,'2017-06-21 10:08:38','2017-06-21 10:08:38',0,0,0,0,NULL),(153,'chelssy fernandez sestayo','34102172A',1,0,0,0,0,'696421854','.',NULL,0,NULL,'2017-06-21 11:08:55','2017-06-21 11:08:55',0,0,0,0,'2018-09-30 00:00:00'),(154,'anne gabriela amorebieta berra','72481439k',0,0,1,0,0,'630835964','aneamorebieta@gmail.com',NULL,0,NULL,'2017-06-21 11:10:02','2017-06-21 11:10:02',NULL,0,0,0,NULL),(155,'koldo elizburu galan','44166946t',0,0,1,0,0,'688663688','koldoe@hotmail.com',NULL,0,NULL,'2017-06-21 11:15:42','2017-06-21 11:15:42',NULL,0,0,0,NULL),(156,'sandra vidal urbina','72468462q',0,0,1,0,0,'605707739','alaikigandra@gmail.com',NULL,0,NULL,'2017-06-21 11:19:46','2017-06-21 11:19:46',NULL,0,0,0,NULL),(157,'maria isabel barrenetxea aguirre','44146081l',0,0,1,0,0,'608811071','mbarrenetxea53@gmail.com',NULL,0,NULL,'2017-06-21 11:24:37','2017-06-21 11:24:37',NULL,0,0,0,NULL),(158,'itziar donavera prieto','15960189 ',0,0,1,0,0,'656725571','itziardon@gmail.com',NULL,0,NULL,'2017-07-05 11:15:40','2017-07-05 11:15:40',NULL,0,0,0,NULL),(159,'jose francisco salas ortega','15935873 ',0,0,1,0,0,'663100965','josetxo@atenet.es',NULL,0,NULL,'2017-07-05 11:18:43','2017-07-05 11:18:43',NULL,0,0,0,NULL),(160,'AINARA FERNANDEZ GARCIA','72499586K',0,1,1,1,10,'603896616','ainarita1981@gmail.com',NULL,1,NULL,'2017-07-05 13:01:21','2017-07-05 13:01:21',0,0,0,0,'2018-07-05 00:00:00'),(161,'ERIK LEDESMA FERNANDEZ','72540081J',0,1,1,0,10,'653501912 603896616','ainarita1981@gmail.com',NULL,1,NULL,'2017-07-07 11:42:00','2017-07-07 11:42:00',0,0,0,0,'2018-07-07 00:00:00'),(162,'ALFREDO GIL LARRINAGA','14953849P',0,1,1,0,10,'689300010','gilarrinaga@atxuri.net',NULL,1,NULL,'2017-07-07 12:41:03','2017-07-07 12:41:03',NULL,0,0,0,'2020-07-12 00:00:00'),(163,'labordeta pilla','10crs0010',0,1,0,0,0,'0033659396762','p.lab@wanadoo.com',NULL,0,NULL,'2017-07-27 19:35:24','2017-07-27 19:35:24',NULL,0,0,0,NULL),(164,'Eleana Ortiz Medina','73275831Q',1,0,1,0,0,'618358171','ELEANAORTIZ2002@YAHOO.COM',NULL,1,NULL,'2017-08-16 18:00:00','2017-08-16 18:00:00',0,0,0,0,'2018-08-07 00:00:00'),(165,'Angel Emilio Orellana','51282493Z',1,0,1,0,0,'618358171','ELEANAORTIZ2002@YAHOO.COM',NULL,1,NULL,'2017-08-18 09:57:52','2017-08-18 09:57:52',0,0,0,0,'2018-08-07 00:00:00'),(166,'ANTONIO BELMONTE MARTINEZ','27474892N',0,1,0,1,NULL,'665478368','anbymar@gmail.com',NULL,0,NULL,'2017-08-27 10:16:57','2017-08-27 10:16:57',0,NULL,0,0,NULL),(169,'Mª AMADA AZPITARTE AREITIOBIRIEKINAGA','15374412Q',0,1,1,0,0,'666233354','.',NULL,1,NULL,'2017-09-07 13:12:46','2017-09-07 13:12:46',0,0,0,0,'2018-09-06 00:00:00'),(170,'Jesus Marcos Fernández','15254175T',1,0,0,0,0,'684466840','biteri25@gmail.com',NULL,0,NULL,'2017-09-21 17:17:31','2017-09-21 17:17:31',0,0,0,0,NULL),(171,'iñaki rodriguez mayobre','35777255L',0,1,1,0,0,'653730197','trintxerpetarra@gmail.com',NULL,1,NULL,'2017-09-28 11:02:09','2017-09-28 11:02:09',0,0,0,0,'2017-09-27 00:00:00'),(172,'JOSEBA URRUSOLO SISTIAGA','15927322Y',0,1,1,0,0,'688716995','.',NULL,1,NULL,'2017-10-10 09:35:45','2017-10-10 09:35:45',0,0,0,0,'2018-10-08 00:00:00'),(173,'Ramon Eder Labayru','15778614',0,1,1,0,0,'617237375','ramoneder@gmail.com',NULL,1,NULL,'2017-10-11 14:16:47','2017-10-11 14:16:47',0,0,0,0,'2020-03-01 00:00:00'),(179,'Xabi Rodriguez Santiesteban','44565431X',0,0,0,0,0,'693608636','xabi.rs90@gmail.com',NULL,0,NULL,'2017-12-19 09:37:13','2017-12-19 09:37:13',0,0,1,0,NULL),(180,'RAJA SOHAIL SHABBIR','Y3415397A',0,1,1,0,0,'631019636','.',NULL,1,NULL,'2018-01-30 16:39:31','2018-01-30 16:39:31',0,0,0,0,'2019-01-30 00:00:00'),(181,'BEATRIZ FERNANDEZ LORENZO','22746810V',0,1,1,0,0,'610983757','.',NULL,1,NULL,'2018-01-31 16:52:57','2018-01-31 16:52:57',NULL,0,0,0,'2019-01-31 00:00:00'),(182,'VICTOR MANUEL CORREA GARCIA','15958036S',0,1,1,0,0,'655132579','.',NULL,1,NULL,'2018-01-31 16:53:42','2018-01-31 16:53:42',NULL,0,0,0,'2019-01-31 00:00:00'),(183,'June Aramendi Aginaga','49584425J',1,0,0,0,0,'943529593','enujaramendi@gmail.com',NULL,1,NULL,'2018-04-01 11:34:36','2018-04-01 11:34:36',NULL,0,0,0,'2018-09-04 00:00:00'),(184,'KEILA ABIGAIL VASQUEZ MARTINEZ','Y6065189B',1,0,0,0,0,'689613733','vasquezkeilita@gmail.com',NULL,1,NULL,'2018-04-07 09:42:26','2018-04-07 09:42:26',0,0,0,0,'2019-04-03 00:00:00'),(185,'FIGUEROA LORENZO, SANTIAGO','Y5750420C',1,0,0,0,0,'684186678','santiagofigueroalorenzo@gmail.com',NULL,1,NULL,'2018-04-07 09:44:37','2018-04-07 09:44:37',0,0,0,0,'2019-04-03 00:00:00'),(186,'NEREA EGAÑA MARTIN','34109545Q',0,1,1,0,0,'626194000','nerea_em@hotmail.com',NULL,1,NULL,'2018-04-22 09:23:22','2018-04-22 09:23:22',0,0,0,0,'2019-04-22 00:00:00'),(187,'JAIME MATA AMADRO','53358980S',0,1,0,1,0,'669799617','jaimata@gmail.com',NULL,0,NULL,'2018-04-28 15:46:23','2018-04-28 15:46:23',0,0,0,0,'2018-04-28 00:00:00'),(188,'MARIA INMACULADA ROMAN VAZQUEZ','53602692L',0,0,0,1,0,'626662961','mariaromanvazquez@hotmail.com',NULL,0,NULL,'2018-04-28 15:49:36','2018-04-28 15:49:36',0,0,0,0,'2018-04-28 00:00:00'),(189,'MAIALEN PEREZ BOHOYO','72526464N',1,0,1,0,0,'686079996','maialenperez@hotmail.com',NULL,1,NULL,'2018-05-14 10:55:41','2018-05-14 10:55:41',0,0,0,0,NULL),(190,'MARINA PARDAVILA MARTINEZ','34091914A',0,1,1,0,0,'647240356','marinapardavila19@gmail.com',NULL,1,NULL,'2018-05-14 18:34:35','2018-05-14 18:34:35',0,0,0,0,'2020-06-06 00:00:00'),(191,'IÑIGO LOIS CAPEROCHIPI','72507519L',0,0,1,0,0,'608060432','ini_siol@hotmail.com',NULL,1,NULL,'2018-05-15 19:01:33','2018-05-15 19:01:33',NULL,0,1,0,NULL),(192,'Elena Santos Perez','34108377K',0,1,1,0,0,'653313177','elenasantos71@gmail.com',NULL,1,NULL,'2018-05-16 11:41:07','2018-05-16 11:41:07',NULL,0,0,0,'2019-05-16 00:00:00'),(193,'NAHIKARI PEREZ BOHOYO','72522710Z',1,0,1,0,0,'630107280','.',NULL,1,NULL,'2018-05-16 19:32:37','2018-05-16 19:32:37',NULL,0,0,0,'2018-10-04 00:00:00'),(194,'DANIEL LUENGAS CARREÑO','44688627H',0,0,0,0,0,'699784469','idolarte@gmail.com',NULL,0,NULL,'2018-05-30 15:30:36','2018-05-30 15:30:36',0,0,0,1,NULL),(195,'IZASKUN ASEGINOLAZA BRAGA','34096337X',0,0,0,0,0,'699784469','izaskun.aseguinolaza@gmail.com',NULL,1,NULL,'2018-05-30 15:32:13','2018-05-30 15:32:13',0,0,0,1,NULL),(196,'IÑIGO DIAZ DE OLARTE','16092671P',0,0,0,0,0,'699784469','idolarte@gmail.com',NULL,1,NULL,'2018-05-30 15:33:06','2018-05-30 15:33:06',0,0,0,1,NULL),(197,'LORENA MARTINEZ CONDE','72525417T',0,0,0,0,0,'699784469','lmartinez0093@hotmail.com',NULL,1,NULL,'2018-05-30 15:34:17','2018-05-30 15:34:17',0,0,0,1,NULL),(198,'ANDREA HOYO GARCIA','45949147T',0,0,0,0,0,'699784469','ahoyo003@gmail.com',NULL,1,NULL,'2018-05-30 15:39:49','2018-05-30 15:39:49',0,0,0,1,NULL),(199,'IGNACIO TORRE HERNANDEZ','15894277M',1,0,1,0,NULL,'639119352','FABIOLAEDER@GMAIL.COM',NULL,1,NULL,'2018-06-22 10:45:54','2018-06-22 10:45:54',0,0,0,0,'2019-08-30 00:00:00'),(200,'ZURIÑE URBIETA LEKUONA','44563935-',0,0,0,0,0,'667910360','urleku@hotmail.com',NULL,0,'<p>2018ko udalekuetan koordinatzaile orokorra</p>','2018-07-03 12:37:58','2018-07-03 12:37:58',0,0,0,1,'2018-08-01 00:00:00'),(201,'ASUN GABARAIN ITURGAIZ','15930756-',0,1,1,0,0,'620398459','asundirdai@gmail.com',NULL,1,NULL,'2018-07-03 12:45:36','2018-07-03 12:45:36',NULL,0,0,0,'2019-07-03 00:00:00'),(202,'MARIA ISABEL FERNANDEZ GARCÍA','48491698-',0,1,1,0,0,'639723029','mb.fernandez@hotmail.com',NULL,1,NULL,'2018-07-03 12:47:38','2018-07-03 12:47:38',NULL,0,0,0,'2019-07-03 00:00:00'),(203,'ANA ROSA CAMARERO POBLACIÓN','15934621Z',0,1,1,0,0,'602647390','ana13camarero@gmail.com',NULL,1,NULL,'2018-07-03 12:49:47','2018-07-03 12:49:47',NULL,0,0,0,'2019-07-03 00:00:00'),(204,'RAMON SARASOLA ARRIAGA','15879824A',0,1,1,0,0,'943397781','DDD',NULL,1,NULL,'2018-07-03 12:55:15','2018-07-03 12:55:15',0,0,0,0,'2019-07-03 00:00:00'),(205,'JOSE LUIS  RAMOS BASTARRICA','15934227B',0,0,0,0,0,'647228837','maestroluxus@hotmail.com',NULL,0,'<p>Kit elektrikoko ikastaroa egin dutenei bizibadia txartela eman diegu urte betez zerbitzua erabili dezaten, besteak beste, bizikleta elektrikoak probatzeko.</p>\r\n\r\n<p>&nbsp;</p>','2018-07-09 14:16:23','2018-07-09 14:16:23',1,0,0,1,'2019-06-30 00:00:00'),(206,'SARA RAMOS GARCIA','72504769Y',0,0,1,0,0,'678929246','sararamos123@gmail.com',NULL,0,'<p>Udaletxeak antolatutako &quot;KIT ELEKTRIKOA&quot; ikastaroa burututakoa.</p>','2018-07-14 12:20:42','2018-07-14 12:20:42',0,0,0,1,'2019-06-30 00:00:00'),(207,'YOLANDA FERNANDEZ NIETO','72441478B',1,0,0,0,0,'646673841','yolanda.fn@outlook.es',NULL,1,NULL,'2018-07-25 13:14:36','2018-07-25 13:14:36',0,0,0,0,'2018-08-15 00:00:00'),(208,'Oihana Suarez De Castro','72502258w',0,1,1,0,0,'625079260','oihanasuarez03@gmail.com',NULL,1,NULL,'2018-08-29 11:36:47','2018-08-29 11:36:47',0,0,0,0,'2019-08-28 00:00:00'),(209,'Maria Morales Salas','28884606X',0,1,0,1,0,'655116995','ablegloria@gmail.com',NULL,1,NULL,'2018-08-30 11:52:23','2018-08-30 11:52:23',0,0,0,0,'2018-08-30 00:00:00'),(210,'Sergio Barvero Morales','77821329R',0,1,0,1,0,'618232872','ablegloria@gmail.com',NULL,1,NULL,'2018-08-30 11:53:21','2018-08-30 11:53:21',0,0,0,0,'2018-08-30 00:00:00'),(211,'Tatyana Olesya Barbero Acosta','77866507F',0,1,0,1,0,'606406346','ablegloria@gmail.com',NULL,1,NULL,'2018-08-30 11:54:48','2018-08-30 11:54:48',0,0,0,0,'2018-08-30 00:00:00'),(212,'Pablo Sanchez Acosta','30236395C',0,1,0,1,0,'695531879','pablo.sanchez.es@gmail.com',NULL,1,NULL,'2018-08-30 11:55:59','2018-08-30 11:55:59',0,0,0,0,'2018-08-30 00:00:00'),(213,'Gloria Acosta Barbero','28892745F',0,1,0,1,0,'606406346','ablegloria@gmail.com',NULL,1,NULL,'2018-08-30 11:56:52','2018-08-30 11:56:52',0,0,0,0,'2018-08-30 00:00:00'),(214,'LISA WIEDEMANN','L8RYC4F3',0,1,1,0,0,'670715858','wiedemann.lisa@gmail.com',NULL,1,NULL,'2018-09-03 10:06:16','2018-09-03 10:06:16',0,0,0,0,'2019-09-01 00:00:00'),(215,'Juan Ignazio Pastoriza Saleta','34082995P',0,1,1,0,0,'627122593','anrodidia@gmail.com',NULL,1,NULL,'2018-09-11 10:23:37','2018-09-11 10:23:37',0,0,0,0,'2019-10-10 00:00:00'),(216,'Arvid Requate','201075048',0,0,0,1,0,'+4917625472057','arvid@posteo.de',NULL,1,NULL,'2018-09-18 14:28:27','2018-09-18 14:28:27',0,0,0,0,NULL),(217,'Marika Steinke','L2RFZHMT',0,0,0,1,0,'+4917623835386','marikas@posteo.de',NULL,1,NULL,'2018-09-18 14:30:43','2018-09-18 14:30:43',0,0,0,0,NULL),(218,'KIDIRA NOLLA ZABALETA','72525492Y',1,0,0,0,0,'649961943','kidiranolla@outlook.es',NULL,0,NULL,'2018-09-19 10:43:08','2018-09-19 10:43:08',0,0,0,0,'2019-01-07 00:00:00'),(219,'SERGIO HIDALGO ORDOQUI','44158006F',0,0,1,0,0,'696274820','TXETXORDOKI@GMAIL.COM',NULL,0,NULL,'2018-10-02 09:03:41','2018-10-02 09:03:41',0,0,0,0,'2019-09-24 00:00:00'),(220,'MACARENA VIVANCO ARACENA','45372917N',0,0,1,0,0,'634673644','MACARENA.VIVANCO@HOTMAIL.ES',NULL,0,NULL,'2018-10-02 09:05:20','2018-10-02 09:05:20',NULL,0,0,0,'2019-09-30 00:00:00'),(221,'BELEN VAZQUEZ CANO','15937317L',0,0,1,0,0,'943 524404','O',NULL,0,NULL,'2018-10-02 09:07:29','2018-10-02 09:07:29',NULL,0,0,0,'2019-09-30 00:00:00'),(223,'Maria Isabel Matarraz','15929978-',0,1,1,0,0,'0','0',NULL,1,'<p>Bizikleta elektrifikatzeko ikastarokoa</p>','2018-10-09 08:02:55','2018-10-09 08:02:55',0,0,0,0,'2020-12-28 00:00:00'),(224,'Jose Gijarro Molina','15153130-',0,0,0,0,0,'0','0',NULL,0,'<p>Bizikleta elektrifikatzeko ikastaroa egin zuen</p>','2018-10-09 08:42:43','2018-10-09 08:42:43',0,0,0,1,'2019-06-03 00:00:00'),(225,'LAURA MURIEL GALVEZ','47781695T',0,0,0,1,0,'616794717','lauramuriel@gmail.com',NULL,0,'<p>EGUN ERDIA &gt;&gt; 12 EUROKO ORDAINKETA</p>','2018-10-13 10:50:59','2018-10-13 10:50:59',0,0,0,0,'2018-10-13 00:00:00'),(226,'AMADEU ROMEO PEREZ','47785284r',0,0,0,1,0,'616794717','amadeuromeoperez@gmail.com',NULL,0,'<p>ALOKAIRUA (PASAIAN EZ - ERROLDATUA: EGUN ERDIA &gt; 12 EUROKO ORDAINKETA</p>','2018-10-13 10:54:03','2018-10-13 10:54:03',0,0,0,0,'2018-10-13 00:00:00'),(227,'JOSE IGNACIO GABILONDO BARANDICA','72560665B',0,1,1,0,0,'690763365','.',NULL,1,NULL,'2018-11-19 11:50:58','2018-11-19 11:50:58',1,0,0,0,'2021-11-23 00:00:00'),(228,'JULIO MIGUEL SANCHEZ MARIN','06918812K',1,0,0,0,0,'620633316','.',NULL,1,NULL,'2018-12-18 17:54:25','2018-12-18 17:54:25',0,0,0,0,'2019-01-15 00:00:00'),(229,'ERIKA PEREIRA-BAGANHA ARAMENDI','34108871E',0,1,1,0,0,'636750286','ERIKAESTETICA@GMAIL.COM',NULL,1,NULL,'2019-02-08 12:52:34','2019-02-08 12:52:34',0,0,0,0,'2020-02-08 00:00:00'),(230,'ARANTZA GARATE FERNANDEZ','44171188X',1,0,1,0,0,'607326877','arantzagaratef@hotmail.com',NULL,1,NULL,'2019-02-14 10:24:10','2019-02-14 10:24:10',0,0,0,0,'2019-09-30 00:00:00'),(231,'ANA VILLARRAGUT CATALAN','04844715H',0,0,0,1,0,'.','anavillarragutcatalan@hotmail.com',NULL,1,NULL,'2019-02-27 09:49:39','2019-02-27 09:49:39',0,0,0,0,NULL),(232,'PILAR MARTIN MARTIN','01119097D',0,0,0,1,0,'676072722','mmartinm@aemet.es',NULL,1,NULL,'2019-02-27 09:53:30','2019-02-27 09:53:30',NULL,0,0,0,NULL),(233,'ANTONIO VALCARCEL SAMPEDRO','15943944E',0,1,1,0,0,'689995643','br.mjos@gmail.com',NULL,1,NULL,'2019-02-27 11:12:11','2019-02-27 11:12:11',0,0,0,0,'2020-02-26 00:00:00'),(234,'Mª JOSE BRION SAMPEDRO','15969724E',0,1,1,0,0,'625708014','br.mjos@gmail.com',NULL,1,NULL,'2019-02-27 11:13:15','2019-02-27 11:13:15',0,0,0,0,'2020-02-26 00:00:00'),(235,'MARINA  CASTAÑO ALVAREZ','34106803B',1,0,1,0,0,'616276383','popemarina@hotmail.com',NULL,1,NULL,'2019-02-28 10:44:50','2019-02-28 10:44:50',0,0,0,0,'2019-09-30 00:00:00'),(236,'MARGA ANZUELA MARTINEZ','44132185S',0,0,0,0,0,'658706572','marganzuela@hotmail.com',NULL,0,NULL,'2019-02-28 13:17:21','2019-02-28 13:17:21',0,0,1,1,NULL),(237,'Eduardo Segura Ortega','78754929P',0,0,0,0,0,'608887467','edusegort@gmail.com',NULL,0,NULL,'2019-03-01 09:16:05','2019-03-01 09:16:05',0,0,0,1,NULL),(238,'Laura Castillo Salamanca','Y6551498P',0,0,0,0,0,'xxxxxx','paocastillo_92@hotmail.com',NULL,0,NULL,'2019-03-01 11:02:27','2019-03-01 11:02:27',0,0,0,1,NULL),(239,'Daniel Andres Huertas Páez','Y6551489E',0,0,0,0,0,'xxxxxx','danhuepa@hotmail.com',NULL,0,NULL,'2019-03-01 11:28:00','2019-03-01 11:28:00',0,0,0,1,'2019-03-01 00:00:00'),(240,'Ana Celard Fernández','53610904C',0,0,0,0,0,'986324635','anacelard@gmail.com',NULL,0,NULL,'2019-03-01 11:30:46','2019-03-01 11:30:46',NULL,0,0,1,NULL),(241,'LEYRE OTAEGUI MARTIN','29522452C',0,1,0,0,NULL,'676072722','mmartinm@aemet.es',NULL,0,'<p>Goiz erdiko alokairua.</p>','2019-03-02 11:27:31','2019-03-02 11:27:31',0,0,0,0,'2019-03-02 00:00:00'),(242,'GORKA MITXELENA','35777935D',1,0,1,0,0,'615717999','GMITXELENA1995@GMAIL.COM',NULL,1,NULL,'2019-03-16 12:33:04','2019-03-16 12:33:04',0,0,0,0,'2019-09-05 00:00:00'),(243,'JOSE FRANCISCO JAVIER LOPEZ ALTUNA','15914769B',1,0,0,0,0,'657717883','altunajavier@gmail.com',NULL,0,NULL,'2019-03-18 13:25:31','2019-03-18 13:25:31',0,0,0,0,'2020-01-17 00:00:00'),(244,'Mario Dominguez Hernández','49030366R',1,0,0,0,0,'615067447','lauburu@protonmail.com',NULL,1,NULL,'2019-03-25 12:23:14','2019-03-25 12:23:14',0,0,0,0,'2019-06-24 00:00:00'),(245,'Pedro Maria Goikoetxea Zubillaga','15971532X',1,0,1,0,0,'647940035','peigoi64@gmail.com',NULL,1,NULL,'2019-04-17 11:34:28','2019-04-17 11:34:28',0,0,0,0,'2019-11-28 00:00:00'),(246,'JOSEBA AUSTIN ARZALLUS MUXIKA','72432789Q',0,0,1,0,0,'635719830','marisafaya@gmail.com',NULL,1,NULL,'2019-04-17 13:29:24','2019-04-17 13:29:24',NULL,0,1,0,'2020-04-16 00:00:00'),(250,'Mª PILAR FAYA CADAVID','34084791X',0,1,1,0,0,'619362425','.',NULL,1,NULL,'2019-04-17 18:17:02','2019-04-17 18:17:02',0,0,0,0,'2020-04-17 00:00:00'),(251,'MARIA LUISA FAYA CADAVID','35775252V',0,1,1,0,0,'676711124','marisafaya@gmail.com',NULL,1,NULL,'2019-04-17 18:18:04','2019-04-17 18:18:04',0,0,0,0,'2020-04-17 00:00:00'),(252,'KARMELE ERRONDOSORO CASTELAO','34083491K',1,0,0,0,0,'685716101','KAZAYPEZK@GMAIL.COM',NULL,1,NULL,'2019-04-26 09:14:41','2019-04-26 09:14:41',0,0,0,0,'2020-04-25 00:00:00'),(253,'JUAN CARLOS BUENO MUÑOYERRO','15994119B',1,0,0,0,0,'665756538','.',NULL,1,NULL,'2019-04-26 09:15:15','2019-04-26 09:15:15',0,0,0,0,'2020-04-25 00:00:00'),(254,'NAOMI CLARE HARVEY','Y5650320Q',0,0,0,1,0,'695651682','harvey.naomi@gmail.com',NULL,0,NULL,'2019-05-02 11:37:25','2019-05-02 11:37:25',0,0,0,0,'2019-05-31 00:00:00'),(255,'FRIDA KOLOMNISKAS','Y5483192Y',0,0,0,1,0,'675803024','chaim.kolomniskas@gmail.com',NULL,0,NULL,'2019-05-02 12:28:16','2019-05-02 12:28:16',0,0,0,0,'2019-05-31 00:00:00'),(256,'CHAIM KOLOMNISKAS','Y5295526C',0,0,0,1,0,'675803024','chaim.kolomniskas@gmail.com',NULL,0,NULL,'2019-05-02 12:29:02','2019-05-02 12:29:02',0,0,0,0,'2019-05-31 00:00:00'),(257,'JOACHIM KOLOMINSKAS','Y5483301T',0,0,0,1,0,'675803024','chaim.kolomniskas@gmail.com',NULL,0,NULL,'2019-05-02 12:29:53','2019-05-02 12:29:53',0,0,0,0,'2019-05-31 00:00:00'),(258,'INGE-MARIE KOLOMINSKAS','Y5483252C',0,0,0,1,0,'675803024','chaim.kolomniskas@gmail.com',NULL,0,NULL,'2019-05-02 12:30:36','2019-05-02 12:30:36',0,0,0,0,'2019-05-31 00:00:00'),(259,'ALIOU SENE','A01573690',1,0,1,0,0,'632887199','aliousene16@gmail.com',NULL,1,NULL,'2019-05-10 10:20:25','2019-05-10 10:20:25',0,0,0,0,'2020-12-11 00:00:00'),(260,'GARIKOITZ VEIGA GARCIA','72401701R',1,0,0,0,0,'626858537','gari_veiga@hotmail.com',NULL,0,NULL,'2019-05-12 10:17:05','2019-05-12 10:17:05',0,0,0,0,NULL),(261,'BELEN DIEZ GORROCHATEGUI','72079989J',1,0,0,0,0,'649778050','belenbeta86@hotmail.com',NULL,0,NULL,'2019-05-12 10:19:07','2019-05-12 10:19:07',0,0,0,0,NULL),(262,'Iñigo Burguera Mugica','44162290J',1,0,1,0,0,'656767432','i.ibur@hotmail.com',NULL,1,NULL,'2019-05-20 15:29:50','2019-05-20 15:29:50',0,0,0,0,'2019-05-29 00:00:00'),(263,'MALIKA BENGERGOURA BEDJAOUI','73232779C',0,0,1,0,0,'653424388','monibenger@gmail.com',NULL,1,NULL,'2019-06-18 11:32:39','2019-06-18 11:32:39',0,0,0,0,'2020-06-17 00:00:00'),(264,'LARRAITZ ZUBIARRAIN OLANO','44132116S',0,1,1,0,0,'657717522','larrazubia@hotmail.com',NULL,1,NULL,'2019-07-05 09:20:01','2019-07-05 09:20:01',0,0,0,0,'2020-07-05 00:00:00'),(265,'SONIA DOMENECH MORRO','43201064A',0,0,0,1,0,'660668976','sdmorro@gmail.com',NULL,0,NULL,'2019-07-22 08:52:59','2019-07-22 08:52:59',0,12,0,0,NULL),(266,'JOAN TOMAS MARTINEZ GRIMAL','43176784B',0,0,0,1,0,'617525820','MIQUEL7979@GMAIL.COM',NULL,0,NULL,'2019-07-22 08:54:41','2019-07-22 08:54:41',0,12,0,0,NULL),(267,'JOSÉ LUIS SANTOS SAN SEBASTIÁN','15987114-',0,0,1,0,0,'628308449','-----',NULL,0,NULL,'2019-08-09 09:25:25','2019-08-09 09:25:25',0,0,0,0,'2020-08-11 00:00:00'),(268,'ESTER PEREZ ROMERO','46060115Q',0,1,0,0,0,'649248024','esterperezester@gmail.com',NULL,0,NULL,'2019-08-13 12:11:00','2019-08-13 12:11:00',0,0,0,0,NULL),(269,'JUAN MANUEL CABALLERO LOPEZ','46706744T',0,1,0,0,0,'626416806','jcaballero1978@gmail.com',NULL,0,NULL,'2019-08-13 12:14:25','2019-08-13 12:14:25',0,0,0,0,NULL),(270,'KIMETZ ARBONA IGLESIAS','73263107B',1,0,1,0,0,'688824977','arbonak34@gmail.com',NULL,0,NULL,'2019-08-21 11:37:09','2019-08-21 11:37:09',0,0,0,0,'2020-08-19 00:00:00'),(271,'MARIA ISOLINA MUÑOZ SALINAS','X5677678J',0,0,1,0,0,'648650576','mariaisolina10@hotmail.com',NULL,0,NULL,'2019-08-26 10:03:50','2019-08-26 10:03:50',0,0,0,0,'2020-08-25 00:00:00'),(272,'LAURA BASARTE TELLERIA','44138044D',0,1,1,0,0,'660657307','lauraba9@hotmail.com',NULL,1,NULL,'2019-09-03 15:09:40','2019-09-03 15:09:40',0,0,0,0,'2020-09-02 00:00:00'),(273,'TATIANA CARRO MATE','44126899L',1,0,1,0,0,'666843421','a@a.com',NULL,1,NULL,'2019-09-16 12:58:31','2019-09-16 12:58:31',0,0,0,0,NULL),(274,'BROOKE BREWER','Y3410215L',0,0,1,0,0,'610398922','brooke.ann.brewer@gmail.com',NULL,0,NULL,'2019-09-23 09:41:23','2019-09-23 09:41:23',0,0,0,0,'2020-09-22 00:00:00'),(275,'BRIAN MACCLELLAN','Y3410192L',0,0,1,0,0,'610398917','brianmccln@gmail.com',NULL,0,NULL,'2019-09-23 09:42:28','2019-09-23 09:42:28',0,0,0,0,'2020-09-22 00:00:00'),(276,'Mª CARMEN MOREDA ARTOLA','15990243E',0,0,1,0,0,'657727934','maikamoreda@gmail.com',NULL,0,NULL,'2019-09-27 08:17:33','2019-09-27 08:17:33',1,0,0,0,'2020-09-26 00:00:00'),(277,'IRAITZ PAZOS LAPIDO','72558374K',0,0,1,0,0,'697293265','ipazos@pasaia.net',NULL,0,NULL,'2019-10-07 11:28:24','2019-10-07 11:28:24',NULL,0,1,0,NULL),(278,'MARIA VALERO MURO','25483106A',0,1,0,0,0,'677253524','.',NULL,1,NULL,'2019-10-11 08:42:05','2019-10-11 08:42:05',0,0,0,0,'2019-10-12 00:00:00'),(279,'ALBERTO BAQUERO YAGÜE','29115362F',0,1,0,0,0,'699991334','.',NULL,1,NULL,'2019-10-11 08:42:40','2019-10-11 08:42:40',0,0,0,0,'2019-10-12 00:00:00'),(280,'JOSE MANUEL MANEIRO DOMINGUEZ','15974306R',0,0,1,0,0,'670635552','jtxmaneiro@hotmail.com',NULL,0,NULL,'2019-11-25 10:28:02','2019-11-25 10:28:02',0,0,0,0,NULL),(281,'SINGH HARJINDER','U0641835',0,1,1,0,0,'612541796','.',NULL,1,NULL,'2019-12-16 17:30:53','2019-12-16 17:30:53',NULL,0,0,0,'2020-12-15 00:00:00'),(282,'ADEL BENGUERGOURA','X6529113B',0,1,1,0,0,'651378136','ADELBENGER8@GMAIL.COM',NULL,1,NULL,'2020-02-05 08:40:27','2020-02-05 08:40:27',0,0,0,0,'2021-02-04 00:00:00'),(283,'EGOITZ ALBIZU SEBAL','44150660K',0,0,0,0,0,'688755233','PASAIA@EUSKARALDIA.EUS',NULL,0,NULL,'2020-02-27 10:07:32','2020-02-27 10:07:32',NULL,0,1,0,NULL),(284,'MONICA PRIETO RUIZ DE GAUNA','44125989Y',0,0,1,0,0,'656779510','monicaprieto91@gmail.com',NULL,0,NULL,'2020-03-01 11:01:45','2020-03-01 11:01:45',NULL,0,0,0,NULL),(287,'ANDER VALIENTE RIOS','72536059Q',0,1,1,0,0,'650364811','andervaliente@gmail.com',NULL,1,NULL,'2020-06-23 09:52:12','2020-06-23 09:52:12',0,0,0,0,'2021-06-23 00:00:00'),(288,'JAVIER LOZANO','51629030X',1,0,0,0,0,'696984094','LOZANOJAVIER@MOVISTAR.ES',NULL,0,NULL,'2020-06-27 09:09:09','2020-06-27 09:09:09',1,0,0,0,NULL),(289,'LOPEZ GARCIA, NURIA','51387423H',1,0,0,0,0,'696984094','lozanojavier@movistar.es',NULL,0,NULL,'2020-06-27 09:47:19','2020-06-27 09:47:19',1,0,0,0,NULL),(290,'ZUFIRIA IZTUETA, IOSU','44333003C',0,1,0,0,0,'690093124','iosuzufi@gmail.com',NULL,0,NULL,'2020-07-04 08:31:20','2020-07-04 08:31:20',0,0,0,0,'2020-07-05 00:00:00'),(292,'ZUFIRIA URQUIOLA, JESUS','15904084K',0,1,0,0,0,'617586773','iosuzufi@gmail.com',NULL,0,NULL,'2020-07-04 08:33:48','2020-07-04 08:33:48',0,0,0,0,'2020-07-05 00:00:00'),(293,'LOZANO LOPEZ, SOFIA','05958802R',1,0,0,0,0,'638839925','nuria.lopez.garcia123@gmail.com',NULL,0,NULL,'2020-07-05 08:32:04','2020-07-05 08:32:04',1,0,0,0,NULL),(294,'JAVIER DELGADO SAID','78941812Q',1,0,0,0,0,'660519238','javier.delgado@gmail.com',NULL,1,NULL,'2020-07-09 18:11:20','2020-07-09 18:11:20',0,0,0,0,'2021-06-30 00:00:00'),(295,'DIEGO SAUL TIJERINO MARIN','Y2603006-',1,0,0,0,0,'617686659','disartina2@yahoo.com',NULL,0,NULL,'2020-07-24 18:05:58','2020-07-24 18:05:58',0,0,0,0,'2020-08-02 00:00:00'),(296,'JOSE M. HERNANDEZ SAMITIER','38066468L',0,0,0,1,0,'606838311','-',NULL,0,NULL,'2020-08-26 09:16:50','2020-08-26 09:16:50',0,0,0,0,'2020-08-26 00:00:00'),(297,'TINA MASANA VERNIOL','37740026Q',0,0,0,1,0,'658685953','tinaroba@gmail.com',NULL,0,NULL,'2020-08-26 09:18:40','2020-08-26 09:18:40',0,0,0,0,'2020-08-26 00:00:00'),(298,'AITOR SAINZ DE VICUÑA HERNANDEZ','44164882Y',0,1,1,0,0,'675330172','linze7777@gmail.com',NULL,1,NULL,'2020-09-18 13:39:51','2020-09-18 13:39:51',0,0,0,0,'2021-09-20 00:00:00'),(299,'ALBA IGLESIAS BLANCO','72513001G',0,1,1,0,0,'661173522','.',NULL,1,NULL,'2020-10-05 08:58:10','2020-10-05 08:58:10',0,0,0,0,'2021-10-05 00:00:00'),(300,'RAQUEL IGLESIAS BLANCO','35773515M',0,1,1,0,0,'665722911','.',NULL,1,NULL,'2020-10-05 08:58:58','2020-10-05 08:58:58',0,0,0,0,'2021-10-05 00:00:00'),(301,'ONYL RAMIREZ SIMOSA','Y5278916Q',1,0,0,0,0,'747855889','RYNOLD.RAMIREZ@GMAIL.COM',NULL,1,NULL,'2020-10-21 17:34:16','2020-10-21 17:34:16',NULL,0,0,0,'2020-11-20 00:00:00'),(302,'MAIALEN IÑURRATEGI ARRILLAGA','72516480X',1,0,0,0,0,'626669418','maialenmai8@gmail.com',NULL,0,NULL,'2020-11-08 10:38:34','2020-11-08 10:38:34',0,0,0,0,NULL),(303,'MARCOS RODRIGUEZ CASTRO','02290740D',1,0,0,0,0,'678599064','marcoscastro89@gmail.com',NULL,0,NULL,'2020-11-08 10:40:59','2020-11-08 10:40:59',0,0,0,0,NULL),(304,'LUIS LICEAGA AMUNARRIZ','15141895Y',0,1,1,0,0,'616686033','luis.liceaga.ll@gmail.com',NULL,0,NULL,'2021-02-19 13:08:43','2021-02-19 13:08:43',1,0,0,0,'2022-02-19 00:00:00'),(305,'Manex Loinaz Urruzola','72539122C',0,0,0,0,0,'688682466','manex.loinaz.urru@gmail.com',NULL,0,NULL,'2021-03-11 09:18:13','2021-03-11 09:18:13',NULL,0,1,0,'2021-06-01 00:00:00');
/*!40000 ALTER TABLE `bezeroa` ENABLE KEYS */;
UNLOCK TABLES;

--
-- Table structure for table `bizikleta`
--

DROP TABLE IF EXISTS `bizikleta`;
/*!40101 SET @saved_cs_client     = @@character_set_client */;
/*!40101 SET character_set_client = utf8 */;
CREATE TABLE `bizikleta` (
  `id` int(11) NOT NULL AUTO_INCREMENT,
  `gunea_id` int(11) DEFAULT NULL,
  `kodea` varchar(30) COLLATE utf8_unicode_ci DEFAULT NULL,
  `erregistroa` varchar(30) COLLATE utf8_unicode_ci DEFAULT NULL,
  `bastidorea` varchar(30) COLLATE utf8_unicode_ci DEFAULT NULL,
  `ezaugarriak` varchar(255) COLLATE utf8_unicode_ci DEFAULT NULL,
  `oharrak2` longtext COLLATE utf8_unicode_ci,
  `created_at` datetime NOT NULL,
  `updated_at` datetime NOT NULL,
  `alokatua` tinyint(1) DEFAULT NULL,
  PRIMARY KEY (`id`),
  UNIQUE KEY `UNIQ_9C333DFB2664FBC4` (`kodea`),
  UNIQUE KEY `UNIQ_9C333DFB4A86800A` (`erregistroa`),
  UNIQUE KEY `UNIQ_9C333DFB123E51CF` (`bastidorea`),
  KEY `IDX_9C333DFB78EA9314` (`gunea_id`),
  CONSTRAINT `FK_9C333DFB78EA9314` FOREIGN KEY (`gunea_id`) REFERENCES `guneak` (`id`)
) ENGINE=InnoDB AUTO_INCREMENT=47 DEFAULT CHARSET=utf8 COLLATE=utf8_unicode_ci;
/*!40101 SET character_set_client = @saved_cs_client */;

--
-- Dumping data for table `bizikleta`
--

LOCK TABLES `bizikleta` WRITE;
/*!40000 ALTER TABLE `bizikleta` DISABLE KEYS */;
INSERT INTO `bizikleta` VALUES (1,2,'1','80','SNXHL07D00',NULL,NULL,'2016-06-08 03:36:55','2016-06-08 03:36:55',0),(6,6,'2','81','SNXHL07E00',NULL,NULL,'2016-06-08 03:47:00','2016-06-08 03:47:00',0),(8,6,'3','82',NULL,'<p>BH SS</p>',NULL,'2016-06-08 04:03:36','2016-06-08 04:03:36',0),(9,6,'4','83',NULL,NULL,NULL,'2016-06-08 04:04:58','2016-06-08 04:04:58',0),(10,6,'5','84',NULL,NULL,NULL,'2016-06-08 04:07:54','2016-06-08 04:07:54',0),(11,6,'6','85',NULL,NULL,NULL,'2016-06-08 04:08:19','2016-06-08 04:08:19',0),(12,NULL,'7',NULL,NULL,NULL,NULL,'2016-06-30 03:02:12','2016-06-30 03:02:12',1),(13,5,'8',NULL,NULL,NULL,NULL,'2016-06-30 03:02:54','2016-06-30 03:02:54',0),(14,6,'9',NULL,NULL,NULL,NULL,'2016-06-30 03:03:08','2016-06-30 03:03:08',0),(15,2,'10',NULL,NULL,NULL,NULL,'2016-06-30 03:15:43','2016-06-30 03:15:43',0),(22,3,'11',NULL,NULL,NULL,NULL,'2016-06-30 03:22:15','2016-06-30 03:22:15',0),(23,3,'12',NULL,NULL,NULL,NULL,'2016-06-30 03:22:27','2016-06-30 03:22:27',0),(24,NULL,'13E',NULL,NULL,NULL,NULL,'2016-06-30 03:22:36','2016-06-30 03:22:36',0),(25,3,'14E Ibai',NULL,NULL,'<p>Argiak jarrita</p>\r\n\r\n<p>Saskia jarrita.</p>\r\n\r\n<p>Bateria</p>','<p>Matxura du: viela bat aldatu behar zaio, konponduta.</p>\r\n\r\n<p>Biela berria dauka. Plato txikia.</p>','2016-06-30 03:25:49','2016-06-30 03:25:49',0),(26,3,'15',NULL,NULL,NULL,NULL,'2016-06-30 03:26:06','2016-06-30 03:26:06',0),(27,3,'16',NULL,NULL,NULL,NULL,'2016-06-30 03:26:23','2016-06-30 03:26:23',0),(28,3,'17',NULL,NULL,'<p>Saskia dauka.</p>',NULL,'2016-06-30 03:26:37','2016-06-30 03:26:37',0),(29,5,'18',NULL,NULL,NULL,NULL,'2016-06-30 03:26:55','2016-06-30 03:26:55',0),(30,2,'19',NULL,NULL,'<p>Saskia dauka</p>',NULL,'2016-06-30 03:27:09','2016-06-30 03:27:09',0),(31,1,'20',NULL,NULL,NULL,NULL,'2016-06-30 03:27:19','2016-06-30 03:27:19',0),(32,NULL,'21E',NULL,NULL,'<p>bateria</p>',NULL,'2016-06-30 03:27:32','2016-06-30 03:27:32',1),(33,2,'22',NULL,NULL,NULL,NULL,'2016-06-30 03:27:42','2016-06-30 03:27:42',0),(34,2,'23',NULL,NULL,NULL,NULL,'2016-06-30 03:27:53','2016-06-30 03:27:53',0),(35,3,'24E',NULL,NULL,'<p>Bateria.</p>\r\n\r\n<p>Saskia du.</p>',NULL,'2016-06-30 03:28:02','2016-06-30 03:28:02',0),(36,6,'25',NULL,NULL,'<p>Bizikleta hau udal langileentzat ipini da Arizabalo jauregian.</p>\r\n\r\n<p>Zestuarekin dago.</p>',NULL,'2016-06-30 03:28:16','2016-06-30 03:28:16',0),(37,NULL,'26E',NULL,NULL,NULL,NULL,'2016-06-30 03:28:36','2016-06-30 03:28:36',1),(38,NULL,'27E',NULL,NULL,'<p>Elektrikoa. Saskia du.</p>',NULL,'2016-06-30 03:28:53','2016-06-30 03:28:53',1),(39,NULL,'28E',NULL,NULL,NULL,NULL,'2016-06-30 03:29:09','2016-06-30 03:29:09',1),(40,NULL,'29',NULL,NULL,NULL,NULL,'2016-06-30 03:30:34','2016-06-30 03:30:34',0),(41,5,'30',NULL,NULL,NULL,NULL,'2016-06-30 03:30:46','2016-06-30 03:30:46',0),(42,1,'31',NULL,NULL,NULL,NULL,'2016-06-30 03:31:13','2016-06-30 03:31:13',0),(43,NULL,'32E',NULL,NULL,NULL,NULL,'2016-06-30 03:31:24','2016-06-30 03:31:24',1),(44,NULL,'33E',NULL,NULL,NULL,NULL,'2016-06-30 03:31:33','2016-06-30 03:31:33',1),(45,3,'34Trizikloa',NULL,NULL,'<p>Trizikloa</p>',NULL,'2016-06-30 03:31:49','2016-06-30 03:31:49',0),(46,3,'35E',NULL,NULL,NULL,NULL,'2020-10-08 08:14:56','2020-10-08 08:14:56',0);
/*!40000 ALTER TABLE `bizikleta` ENABLE KEYS */;
UNLOCK TABLES;

--
-- Table structure for table `bizikleta_matxura`
--

DROP TABLE IF EXISTS `bizikleta_matxura`;
/*!40101 SET @saved_cs_client     = @@character_set_client */;
/*!40101 SET character_set_client = utf8 */;
CREATE TABLE `bizikleta_matxura` (
  `bizikleta_id` int(11) NOT NULL,
  `matxura_id` int(11) NOT NULL,
  PRIMARY KEY (`bizikleta_id`,`matxura_id`),
  KEY `IDX_EA1F9238AE87035` (`bizikleta_id`),
  KEY `IDX_EA1F9238B971D0EE` (`matxura_id`),
  CONSTRAINT `FK_EA1F9238AE87035` FOREIGN KEY (`bizikleta_id`) REFERENCES `bizikleta` (`id`) ON DELETE CASCADE,
  CONSTRAINT `FK_EA1F9238B971D0EE` FOREIGN KEY (`matxura_id`) REFERENCES `matxura` (`id`) ON DELETE CASCADE
) ENGINE=InnoDB DEFAULT CHARSET=utf8 COLLATE=utf8_unicode_ci;
/*!40101 SET character_set_client = @saved_cs_client */;

--
-- Dumping data for table `bizikleta_matxura`
--

LOCK TABLES `bizikleta_matxura` WRITE;
/*!40000 ALTER TABLE `bizikleta_matxura` DISABLE KEYS */;
INSERT INTO `bizikleta_matxura` VALUES (12,4),(35,2);
/*!40000 ALTER TABLE `bizikleta_matxura` ENABLE KEYS */;
UNLOCK TABLES;

--
-- Table structure for table `eguraldia`
--

DROP TABLE IF EXISTS `eguraldia`;
/*!40101 SET @saved_cs_client     = @@character_set_client */;
/*!40101 SET character_set_client = utf8 */;
CREATE TABLE `eguraldia` (
  `id` int(11) NOT NULL AUTO_INCREMENT,
  `izena` varchar(255) COLLATE utf8_unicode_ci NOT NULL,
  PRIMARY KEY (`id`),
  UNIQUE KEY `UNIQ_C69FDE3BD955BCF5` (`izena`)
) ENGINE=InnoDB AUTO_INCREMENT=6 DEFAULT CHARSET=utf8 COLLATE=utf8_unicode_ci;
/*!40101 SET character_set_client = @saved_cs_client */;

--
-- Dumping data for table `eguraldia`
--

LOCK TABLES `eguraldia` WRITE;
/*!40000 ALTER TABLE `eguraldia` DISABLE KEYS */;
INSERT INTO `eguraldia` VALUES (3,'Eguzkia'),(5,'Euria'),(4,'Lainotua');
/*!40000 ALTER TABLE `eguraldia` ENABLE KEYS */;
UNLOCK TABLES;

--
-- Table structure for table `fos_user`
--

DROP TABLE IF EXISTS `fos_user`;
/*!40101 SET @saved_cs_client     = @@character_set_client */;
/*!40101 SET character_set_client = utf8 */;
CREATE TABLE `fos_user` (
  `id` int(11) NOT NULL AUTO_INCREMENT,
  `username` varchar(255) COLLATE utf8_unicode_ci NOT NULL,
  `username_canonical` varchar(255) COLLATE utf8_unicode_ci NOT NULL,
  `email` varchar(255) COLLATE utf8_unicode_ci NOT NULL,
  `email_canonical` varchar(255) COLLATE utf8_unicode_ci NOT NULL,
  `enabled` tinyint(1) NOT NULL,
  `salt` varchar(255) COLLATE utf8_unicode_ci NOT NULL,
  `password` varchar(255) COLLATE utf8_unicode_ci NOT NULL,
  `last_login` datetime DEFAULT NULL,
  `locked` tinyint(1) NOT NULL,
  `expired` tinyint(1) NOT NULL,
  `expires_at` datetime DEFAULT NULL,
  `confirmation_token` varchar(255) COLLATE utf8_unicode_ci DEFAULT NULL,
  `password_requested_at` datetime DEFAULT NULL,
  `roles` longtext COLLATE utf8_unicode_ci NOT NULL COMMENT '(DC2Type:array)',
  `credentials_expired` tinyint(1) NOT NULL,
  `credentials_expire_at` datetime DEFAULT NULL,
  PRIMARY KEY (`id`),
  UNIQUE KEY `UNIQ_957A647992FC23A8` (`username_canonical`),
  UNIQUE KEY `UNIQ_957A6479A0D96FBF` (`email_canonical`)
) ENGINE=InnoDB AUTO_INCREMENT=10 DEFAULT CHARSET=utf8 COLLATE=utf8_unicode_ci;
/*!40101 SET character_set_client = @saved_cs_client */;

--
-- Dumping data for table `fos_user`
--

LOCK TABLES `fos_user` WRITE;
/*!40000 ALTER TABLE `fos_user` DISABLE KEYS */;
INSERT INTO `fos_user` VALUES (1,'admin','admin','iibarguren','iibarguren',1,'ga44v0kqma88g0gccwcc4wwokcocww8','$2y$13$SIwpFSFW4KtZWRrYn9HkRuA2m3MJ9uKcOndWTJn7fHmzeVn4yjAK2','2021-03-11 12:07:44',0,0,NULL,NULL,NULL,'a:1:{i:0;s:10:\"ROLE_ADMIN\";}',0,NULL),(2,'ibai','ibai','isaavedra@pasaia.net','isaavedra@pasaia.net',1,'m8lzznnzkn444ogw0g8swkwoko4kgso','$2y$13$8075PFzhCeB.XFSj08UjneeUy.bJIeHmQT0tcZKERmA/ApHjJ2NSC','2021-03-11 11:36:53',0,0,NULL,NULL,NULL,'a:1:{i:0;s:10:\"ROLE_ADMIN\";}',0,NULL),(3,'kordeleia','kordeleia','kiroldegia@hotmail.com','kiroldegia@hotmail.com',1,'a23twbvxp2gowc04coscggkkcwkokw','$2y$13$WxBoH3imnLo/LuNFlqFTMuiCj4FyqpFLZ/smI8tlAwC/Fd09MKzYC','2021-02-24 10:20:58',0,0,NULL,NULL,NULL,'a:1:{i:0;s:10:\"ROLE_ADMIN\";}',0,NULL),(4,'haz','haz','pasaia@pasaia.net','pasaia@pasaia.net',1,'j6zj22ok5tcsk08ww0coswgcgcs8go0','$2y$13$Me21HyLIYUDz3zeeqwYDz.2vnywjWptnUUgV7UA1WRVxPHeI9Tpu2','2016-07-11 00:27:17',0,0,NULL,NULL,NULL,'a:1:{i:0;s:10:\"ROLE_ADMIN\";}',0,NULL),(5,'azoka','azoka','trintxerpekokirolgunea@pasaiakayak.com','trintxerpekokirolgunea@pasaiakayak.com',1,'bucto8imydc0wswwo0g8ggk8ccsc400','$2y$13$KkZGln/HEgY6UK5UAcmANOvDnwxS5iXu9kfEEuUwhZIM4udsnvUMm','2021-03-03 16:37:43',0,0,NULL,NULL,NULL,'a:1:{i:0;s:10:\"ROLE_ADMIN\";}',0,NULL),(6,'bizibadia','bizibadia','kirolak@pasaia.net','kirolak@pasaia.net',1,'33all5urzew4k04wcwccc4gso88s4sw','$2y$13$KtGIQggz8k.JFaNWypJc0u0nl.AhUV1j9brwh.rt/JJMGUK4BpMZm','2016-07-01 01:18:05',0,0,NULL,NULL,NULL,'a:1:{i:0;s:10:\"ROLE_ADMIN\";}',0,NULL),(7,'ibaiondokantina','ibaiondokantina','ibaiondopilotalekua@gmail.com','ibaiondopilotalekua@gmail.com',1,'14mxqnawsyu8cgkw008ooggg0k0oks4','$2y$13$DYaT3HDVXTLBHxO4nSmOQug2kgv56OFOiPvBeXB37LMYzlB8IZ9G2',NULL,0,0,NULL,NULL,NULL,'a:1:{i:0;s:10:\"ROLE_ADMIN\";}',0,NULL),(8,'tak','tak','trintxerpe@trintxerpe.com','trintxerpe@trintxerpe.com',1,'n0znfc7vfeo48kc48gk4400kos4ws4g','$2y$13$Zb.bo6zkrOE.LrVdZEoT.eqUPz2lauokejkrnHn17BZnegKZExSYS','2016-07-01 01:16:57',0,0,NULL,NULL,NULL,'a:1:{i:0;s:10:\"ROLE_ADMIN\";}',0,NULL),(9,'ibaiondo','ibaiondo','mbarrenetxea53@gmail.com','mbarrenetxea53@gmail.com',1,'a3ncux4h7604o0c4oso4kswcwck8go8','$2y$13$5D9SLc1u8MryMaVj/K49zed1PYJT0ApggiWrrJg7KCnTP8LvCne3S','2017-09-22 12:44:28',0,0,NULL,NULL,NULL,'a:1:{i:0;s:10:\"ROLE_ADMIN\";}',0,NULL);
/*!40000 ALTER TABLE `fos_user` ENABLE KEYS */;
UNLOCK TABLES;

--
-- Table structure for table `guneak`
--

DROP TABLE IF EXISTS `guneak`;
/*!40101 SET @saved_cs_client     = @@character_set_client */;
/*!40101 SET character_set_client = utf8 */;
CREATE TABLE `guneak` (
  `id` int(11) NOT NULL AUTO_INCREMENT,
  `izena` varchar(255) COLLATE utf8_unicode_ci NOT NULL,
  `helbidea` varchar(255) COLLATE utf8_unicode_ci DEFAULT NULL,
  `ordutegia` varchar(255) COLLATE utf8_unicode_ci DEFAULT NULL,
  `kudeatzailea` varchar(255) COLLATE utf8_unicode_ci NOT NULL,
  `latitude` double DEFAULT NULL,
  `longitude` double DEFAULT NULL,
  `created_at` datetime NOT NULL,
  `updated_at` datetime NOT NULL,
  PRIMARY KEY (`id`)
) ENGINE=InnoDB AUTO_INCREMENT=7 DEFAULT CHARSET=utf8 COLLATE=utf8_unicode_ci;
/*!40101 SET character_set_client = @saved_cs_client */;

--
-- Dumping data for table `guneak`
--

LOCK TABLES `guneak` WRITE;
/*!40000 ALTER TABLE `guneak` DISABLE KEYS */;
INSERT INTO `guneak` VALUES (1,'Donibaneko Kirolgunea','Donibaneko Kirolgunea, donibane kalea 1. 943345371','Astelehenetik ostiralera / De lunes a viernes  9:00-21:00. Larunbatetan / sábados 9:00-19:00, Igandeetan/domingos 9:00-13:00. 943345371','Donibaneko kirolgunea',43.323713,-1.915745,'2016-04-27 04:27:21','2016-04-27 04:27:21'),(2,'Trintxerpeko kirolgunea','Trintxerpeko Kirolgunea, euskadi etorbidea z/g. Azoka eraikina 3. solairua. 943399753','Astelehenetik ostiralera / De lunes a viernes 9:00-13:00 / 16:00-21:00. Larunbatetan / sábados 9:00-13:00. Igandeetan/domingos 9:00-13:00. 943399753','trintxerpeko kirolgunea',43.322734,-1.934191,'2016-04-27 04:32:10','2016-04-27 04:32:10'),(3,'Kirol Saila','Euskadi etorbidea 61. 943004330','Astelehentik ostiralera / De lunes a viernes 8:00-14:30. 943004330','Kirol Saila',43.323152,-1.930232,'2016-04-27 04:40:50','2016-04-27 04:40:50'),(4,'Antxoko Ibaiondo pilotalekua','Antxoko Ibaiondo pilotalekua. Ibaiondo parkea z/g.','Egunero arratsaldez eta irekiera-ordutegiaren arabera. Todos los días por la tarde y en función del horario de apertura.','Antxoko Ibaiondo pilotalekua',43.31758,-1.915587,'2016-04-27 04:43:50','2016-04-27 04:43:50'),(5,'San Pedroko Gimnasioa','Herriko plaza zg','Eskaera bidezko mailegu puntua','Kirol Saila',43.325089,-1.926332,'2016-06-30 03:05:24','2016-06-30 03:05:24'),(6,'Udal langileentzako bizikletak','Donibane Kalea 1','Egunero','Kirol saila',43.324,-1.916,'2016-06-30 03:13:38','2016-06-30 03:13:38');
/*!40000 ALTER TABLE `guneak` ENABLE KEYS */;
UNLOCK TABLES;

--
-- Table structure for table `ibilbidea`
--

DROP TABLE IF EXISTS `ibilbidea`;
/*!40101 SET @saved_cs_client     = @@character_set_client */;
/*!40101 SET character_set_client = utf8 */;
CREATE TABLE `ibilbidea` (
  `id` int(11) NOT NULL AUTO_INCREMENT,
  `izena` varchar(255) COLLATE utf8_unicode_ci NOT NULL,
  PRIMARY KEY (`id`),
  UNIQUE KEY `UNIQ_2D2273F4D955BCF5` (`izena`)
) ENGINE=InnoDB AUTO_INCREMENT=12 DEFAULT CHARSET=utf8 COLLATE=utf8_unicode_ci;
/*!40101 SET character_set_client = @saved_cs_client */;

--
-- Dumping data for table `ibilbidea`
--

LOCK TABLES `ibilbidea` WRITE;
/*!40000 ALTER TABLE `ibilbidea` DISABLE KEYS */;
INSERT INTO `ibilbidea` VALUES (11,'Beste ibilbide bat'),(3,'Donostia'),(2,'Errenteria'),(1,'Lezo'),(4,'Oiartzun'),(7,'Pasai Antxo'),(6,'Pasai Donibane'),(8,'San Pedro'),(5,'Trintxerpe');
/*!40000 ALTER TABLE `ibilbidea` ENABLE KEYS */;
UNLOCK TABLES;

--
-- Table structure for table `maileguak`
--

DROP TABLE IF EXISTS `maileguak`;
/*!40101 SET @saved_cs_client     = @@character_set_client */;
/*!40101 SET character_set_client = utf8 */;
CREATE TABLE `maileguak` (
  `id` int(11) NOT NULL AUTO_INCREMENT,
  `fetxa_hasi` datetime NOT NULL,
  `created_at` datetime NOT NULL,
  `updated_at` datetime NOT NULL,
  `bezeroa_id` int(11) DEFAULT NULL,
  `guneahasi_id` int(11) DEFAULT NULL,
  `guneaamaitu_id` int(11) DEFAULT NULL,
  `bizikleta_id` int(11) DEFAULT NULL,
  `fetxa_amaitu` datetime DEFAULT NULL,
  `erabilera` tinytext COLLATE utf8_unicode_ci,
  `ibilbidea_id` int(11) DEFAULT NULL,
  `eguraldia_id` int(11) DEFAULT NULL,
  PRIMARY KEY (`id`),
  KEY `IDX_35E36B65836056D8` (`bezeroa_id`),
  KEY `IDX_35E36B65775C0D9D` (`guneahasi_id`),
  KEY `IDX_35E36B658ACA4A56` (`guneaamaitu_id`),
  KEY `IDX_35E36B65AE87035` (`bizikleta_id`),
  KEY `IDX_35E36B655FE75C0` (`ibilbidea_id`),
  KEY `IDX_35E36B653174A9C3` (`eguraldia_id`),
  CONSTRAINT `FK_35E36B653174A9C3` FOREIGN KEY (`eguraldia_id`) REFERENCES `eguraldia` (`id`),
  CONSTRAINT `FK_35E36B655FE75C0` FOREIGN KEY (`ibilbidea_id`) REFERENCES `ibilbidea` (`id`),
  CONSTRAINT `FK_35E36B65775C0D9D` FOREIGN KEY (`guneahasi_id`) REFERENCES `guneak` (`id`),
  CONSTRAINT `FK_35E36B65836056D8` FOREIGN KEY (`bezeroa_id`) REFERENCES `bezeroa` (`id`),
  CONSTRAINT `FK_35E36B658ACA4A56` FOREIGN KEY (`guneaamaitu_id`) REFERENCES `guneak` (`id`),
  CONSTRAINT `FK_35E36B65AE87035` FOREIGN KEY (`bizikleta_id`) REFERENCES `bizikleta` (`id`)
) ENGINE=InnoDB AUTO_INCREMENT=882 DEFAULT CHARSET=utf8 COLLATE=utf8_unicode_ci;
/*!40101 SET character_set_client = @saved_cs_client */;

--
-- Dumping data for table `maileguak`
--

LOCK TABLES `maileguak` WRITE;
/*!40000 ALTER TABLE `maileguak` DISABLE KEYS */;
INSERT INTO `maileguak` VALUES (1,'2016-06-08 10:25:00','2016-06-08 03:37:55','2016-06-08 04:10:21',2,1,3,1,'2016-06-08 13:10:00','Pasai Antxo',NULL,NULL),(2,'2016-06-08 07:30:00','2016-06-10 01:13:04','2016-06-10 01:14:18',2,1,4,8,'2016-06-07 15:30:00',NULL,NULL,NULL),(3,'2016-06-29 10:50:00','2016-06-29 02:42:51','2016-06-29 02:45:09',2,1,2,10,'2016-06-29 11:50:00',NULL,NULL,NULL),(4,'2016-06-02 06:30:00','2016-06-29 02:47:22','2016-06-30 02:57:06',2,3,1,6,'2016-06-30 10:50:00',NULL,NULL,NULL),(5,'2016-07-01 09:00:00','2016-07-01 00:59:42','2016-07-01 06:07:35',2,3,3,30,'2016-07-01 14:05:00','Donibanera joan eta etorri',NULL,NULL),(6,'2016-07-01 15:09:00','2016-07-01 07:09:24','2016-07-01 07:10:15',2,1,1,41,'2016-07-01 15:10:00',NULL,NULL,NULL),(7,'2016-07-02 12:32:00','2016-07-02 04:30:11','2016-07-02 04:30:39',2,5,1,38,'2016-07-02 15:30:00','Donibane',NULL,NULL),(8,'2016-07-07 10:45:00','2016-07-07 02:44:11','2016-07-07 04:01:02',3,3,3,30,'2016-07-07 12:05:00',NULL,NULL,NULL),(9,'2016-07-07 12:25:00','2016-07-07 04:26:27','2016-07-07 04:27:22',3,3,3,30,'2016-07-07 12:00:00',NULL,NULL,NULL),(10,'2016-07-11 08:15:00','2016-07-11 00:19:58','2016-07-11 00:20:49',2,6,6,36,'2016-07-11 08:20:00',NULL,NULL,NULL),(11,'2016-07-13 16:30:00','2016-07-13 08:32:03','2016-07-13 09:05:34',8,2,2,35,'2016-07-13 17:00:00','1h, pasaian zehar',NULL,NULL),(12,'2016-07-13 16:30:00','2016-07-13 08:32:50','2016-07-13 09:06:16',7,2,2,37,'2016-07-13 17:00:00','1h pasaian zehar',NULL,NULL),(13,'2016-07-13 16:30:00','2016-07-13 08:33:32','2016-07-13 09:50:08',6,2,2,34,'2016-07-13 17:50:00','1h, pasaia zehar',NULL,NULL),(14,'2016-07-13 17:00:00','2016-07-13 09:06:48','2016-07-13 09:49:23',8,2,2,32,'2016-07-13 17:45:00','1h pasaian zehar',NULL,NULL),(15,'2016-07-13 17:00:00','2016-07-13 09:07:13','2016-07-13 09:49:44',7,2,2,29,'2016-07-13 17:45:00','1h pasaian zehar',NULL,NULL),(16,'2016-07-15 12:30:00','2016-07-15 05:01:26','2016-07-15 09:47:24',9,1,1,27,'2016-07-15 17:45:00','3 ordutako ibilbidea, pasaia eta oarsoaldetik.',NULL,NULL),(17,'2016-07-15 12:30:00','2016-07-15 05:24:22','2016-07-15 05:30:38',5,3,3,28,'2016-07-15 13:30:00',NULL,NULL,NULL),(18,'2016-07-15 12:30:00','2016-07-15 05:25:58','2016-07-15 09:46:16',30,1,1,38,'2016-07-15 17:45:00','3 ordurako alokatu du bizikleta, oarsoaldean zehar buelta emateko.',NULL,NULL),(19,'2016-07-15 12:30:00','2016-07-15 05:28:42','2016-07-15 09:48:56',31,1,1,42,'2016-07-15 17:45:00','3 orduz alokatu du oarsealdean zehar ibiltzeko.',NULL,NULL),(20,'2016-07-18 10:15:00','2016-07-18 02:16:33','2016-07-18 04:23:21',7,3,NULL,30,'2016-07-18 12:20:00',NULL,NULL,NULL),(21,'2016-07-18 10:15:00','2016-07-18 02:17:11','2016-07-18 04:23:57',6,3,NULL,31,'2016-07-18 12:20:00',NULL,NULL,NULL),(22,'2016-07-19 14:25:00','2016-07-19 06:30:22','2016-07-19 11:01:01',32,3,1,30,'2016-07-19 19:00:00',NULL,NULL,NULL),(23,'2016-07-20 10:20:00','2016-07-20 02:18:16','2016-07-20 05:30:47',5,3,3,28,'2016-07-20 13:20:00',NULL,NULL,NULL),(24,'2016-07-20 10:55:00','2016-07-20 02:57:21','2016-07-21 00:11:24',27,3,3,31,'2016-07-20 13:30:00',NULL,NULL,NULL),(25,'2016-07-20 09:10:00','2016-07-21 00:12:18','2016-07-21 00:14:18',5,3,2,28,'2016-07-20 17:10:00',NULL,NULL,NULL),(26,'2016-07-21 08:15:00','2016-07-21 00:16:35','2016-07-21 02:39:45',2,3,3,31,'2016-07-21 10:35:00','donibanera',NULL,NULL),(27,'2016-07-21 10:35:00','2016-07-21 02:38:57','2016-07-21 04:25:15',7,3,3,33,'2016-07-21 12:25:00',NULL,NULL,NULL),(28,'2016-07-28 10:40:00','2016-07-21 02:40:17','2016-07-21 04:26:05',6,3,3,31,'2016-07-21 12:25:00',NULL,NULL,NULL),(29,'2016-07-21 10:45:00','2016-07-21 02:49:23','2016-07-21 04:53:16',2,2,3,37,'2016-07-21 12:50:00','kirol saila',NULL,NULL),(30,'2016-07-21 10:45:00','2016-07-21 02:49:41','2016-07-21 02:56:34',32,2,2,28,'2016-07-21 10:55:00',NULL,NULL,NULL),(31,'2016-07-21 10:55:00','2016-07-21 02:57:29','2016-07-21 03:01:08',5,3,2,28,'2016-07-21 11:00:00',NULL,NULL,NULL),(32,'2016-07-21 11:00:00','2016-07-21 03:01:34','2016-07-22 00:15:18',5,2,2,28,'2016-07-21 15:00:00',NULL,NULL,NULL),(33,'2016-07-21 11:00:00','2016-07-21 03:04:18','2016-07-21 04:16:59',32,2,3,32,'2016-07-21 12:15:00','kirol sailera',NULL,NULL),(34,'2016-07-26 14:30:00','2016-07-26 06:33:16','2016-07-27 00:05:40',8,2,2,28,'2016-07-26 20:05:00',NULL,NULL,NULL),(35,'2016-07-26 14:30:00','2016-07-26 06:33:36','2016-07-27 00:07:38',6,2,2,29,'2016-07-26 20:05:00',NULL,NULL,NULL),(36,'2016-07-26 14:30:00','2016-07-26 06:34:01','2016-07-27 00:06:58',7,2,2,34,'2016-07-26 20:05:00',NULL,NULL,NULL),(37,'2016-07-30 10:14:00','2016-07-30 02:14:33','2016-07-30 04:26:01',34,1,1,38,'2016-07-30 12:25:00','Donibane-Oiartzun-Donibane',NULL,NULL),(38,'2016-08-01 14:50:00','2016-08-01 06:53:43','2016-08-02 12:55:07',37,2,2,34,'2016-08-01 12:55:00',NULL,NULL,NULL),(39,'2016-08-01 14:50:00','2016-08-01 06:55:15','2016-08-02 12:54:25',36,2,2,35,'2016-08-01 13:50:00',NULL,NULL,NULL),(40,'2016-08-02 12:50:00','2016-08-02 12:54:47','2016-08-03 12:25:44',36,2,2,29,'2016-08-02 21:00:00',NULL,NULL,NULL),(41,'2016-08-02 12:55:00','2016-08-02 12:55:25','2016-08-03 12:26:35',37,2,2,37,'2016-08-02 21:00:00',NULL,NULL,NULL),(42,'2016-08-03 10:30:00','2016-08-03 10:33:58','2016-08-05 08:29:19',6,2,2,34,'2016-08-04 20:00:00',NULL,NULL,NULL),(43,'2016-08-03 10:30:00','2016-08-03 10:34:24','2016-08-05 08:29:46',7,2,2,35,'2016-08-04 20:00:00',NULL,NULL,NULL),(44,'2016-08-04 09:55:00','2016-08-04 09:56:54','2016-08-05 08:28:53',5,2,2,28,'2016-08-04 20:00:00',NULL,NULL,NULL),(45,'2016-08-05 11:35:00','2016-08-05 11:35:40','2016-08-17 10:25:27',37,2,2,29,'2016-08-17 10:25:00',NULL,NULL,NULL),(46,'2016-08-05 11:35:00','2016-08-05 11:50:04','2016-08-17 10:25:55',36,2,2,37,'2016-08-17 10:25:00',NULL,NULL,NULL),(47,'2016-08-05 11:50:00','2016-08-05 11:50:36','2016-08-17 10:24:51',6,2,2,34,'2016-08-17 10:24:00',NULL,NULL,NULL),(48,'2016-08-05 11:50:00','2016-08-05 11:51:03','2016-08-17 10:26:45',7,2,2,35,'2016-08-17 10:26:00',NULL,NULL,NULL),(49,'2016-08-05 11:50:00','2016-08-05 11:51:34','2016-08-17 10:26:17',8,2,2,31,'2016-08-17 10:26:00',NULL,NULL,NULL),(50,'2016-08-05 11:50:00','2016-08-05 11:52:03','2016-08-24 09:24:22',5,2,2,28,'2016-08-17 09:10:00',NULL,NULL,NULL),(51,'2016-08-10 10:50:00','2016-08-13 16:58:58','2016-08-13 16:59:39',39,1,1,30,'2016-08-10 12:30:00',NULL,4,3),(56,'2016-08-24 18:45:00','2016-08-24 18:58:52','2016-08-24 19:23:30',39,1,1,30,'2016-08-24 19:25:00',NULL,1,4),(57,'2016-08-25 09:30:00','2016-08-25 10:13:37','2016-08-25 12:40:54',43,2,2,28,'2016-08-25 12:40:00',NULL,3,3),(58,'2016-08-26 08:25:00','2016-08-26 08:27:04','2016-08-26 13:21:10',2,3,3,25,'2016-08-26 13:20:00',NULL,6,3),(59,'2016-08-25 16:30:00','2016-08-26 10:43:00','2016-08-26 10:45:06',44,2,2,35,'2016-08-25 19:15:00',NULL,3,3),(60,'2016-08-25 16:30:00','2016-08-26 10:46:29','2016-08-26 10:47:39',43,2,2,29,'2016-08-25 19:15:00',NULL,3,3),(62,'2016-08-26 12:45:00','2016-08-26 12:56:00','2016-08-29 09:05:01',45,2,2,37,'2016-08-26 20:30:00',NULL,3,3),(63,'2016-08-26 16:10:00','2016-08-29 09:39:11','2016-08-29 09:39:59',44,2,2,29,'2016-08-26 19:30:00',NULL,3,3),(64,'2016-08-26 16:10:00','2016-08-29 09:39:39','2016-08-29 09:40:26',43,2,2,28,'2016-08-26 19:30:00',NULL,3,3),(65,'2016-08-29 19:00:00','2016-08-30 09:31:49','2016-08-30 09:32:16',45,2,2,37,'2016-08-29 21:45:00',NULL,3,4),(66,'2016-08-31 08:35:00','2016-08-31 08:38:57','2016-08-31 10:33:36',2,3,3,25,'2016-08-31 10:30:00',NULL,6,3),(67,'2016-08-30 17:10:00','2016-08-31 09:12:09','2016-08-31 09:12:48',45,2,2,37,'2016-08-30 21:20:00',NULL,3,3),(68,'2016-09-01 17:00:00','2016-09-02 11:03:46','2016-09-02 11:04:35',45,2,2,37,'2016-09-01 21:30:00',NULL,3,3),(69,'2016-09-04 10:30:00','2016-09-05 10:03:57','2016-09-05 10:05:02',44,2,2,28,'2016-09-04 12:15:00',NULL,11,3),(70,'2016-09-04 10:30:00','2016-09-05 10:04:41','2016-09-05 10:05:23',43,2,2,29,'2016-09-04 12:15:00',NULL,11,3),(71,'2016-09-05 17:00:00','2016-09-06 10:49:06','2016-09-06 10:49:43',45,2,2,29,'2016-09-05 20:30:00',NULL,6,3),(72,'2016-09-06 12:05:00','2016-09-06 12:08:35','2016-09-06 14:12:55',3,3,3,25,'2016-09-06 14:10:00',NULL,6,3),(73,'2016-09-07 18:00:00','2016-09-07 18:09:31','2016-09-07 18:24:53',34,1,1,38,'2016-09-07 18:25:00',NULL,1,4),(74,'2016-09-16 13:30:00','2016-09-16 13:32:24','2016-09-19 10:04:14',47,2,2,28,'2016-09-16 21:00:00',NULL,1,5),(76,'2016-09-20 16:35:00','2016-09-20 16:38:16','2016-09-21 10:22:23',45,2,2,31,'2016-09-20 21:00:00',NULL,5,4),(77,'2016-09-21 18:51:00','2016-09-21 18:52:20','2016-09-22 12:54:24',45,2,2,28,'2016-09-21 21:10:00',NULL,3,3),(78,'2016-09-22 08:45:00','2016-09-22 08:45:52','2016-09-29 09:49:26',35,3,3,25,'2016-09-22 13:25:00',NULL,7,3),(79,'2016-09-22 14:35:00','2016-09-22 14:36:32','2016-09-23 13:19:06',45,2,2,37,'2016-09-22 20:05:00',NULL,11,3),(80,'2016-09-23 17:45:00','2016-09-23 17:41:23','2016-09-26 10:29:49',29,2,2,37,'2016-09-23 21:00:00',NULL,3,3),(81,'2016-09-23 17:05:00','2016-09-23 17:42:45','2016-09-26 10:29:17',45,2,2,34,'2016-09-23 18:00:00',NULL,7,3),(82,'2016-09-26 10:20:00','2016-09-26 10:20:16','2016-09-26 10:30:20',47,2,2,35,'2016-09-26 10:30:00',NULL,3,3),(83,'2016-09-26 10:20:00','2016-09-26 10:32:52','2016-09-26 14:16:54',47,2,2,28,'2016-09-26 14:15:00',NULL,3,3),(84,'2016-09-26 16:05:00','2016-09-26 16:06:36','2016-09-30 11:33:17',50,4,4,40,'2016-09-26 18:30:00',NULL,7,3),(85,'2016-09-26 16:05:00','2016-09-26 16:12:27','2016-09-30 11:34:51',49,4,4,15,'2016-09-26 18:30:00',NULL,7,3),(86,'2016-09-28 10:35:00','2016-09-28 10:35:51','2016-09-28 13:17:10',47,2,2,28,'2016-09-28 12:15:00',NULL,11,3),(87,'2016-09-28 16:50:00','2016-09-28 16:49:50','2016-09-29 11:45:07',29,2,2,37,'2016-09-28 20:10:00',NULL,3,3),(88,'2016-09-29 09:25:00','2016-09-29 09:34:48','2016-09-30 12:25:59',37,2,2,28,'2016-09-29 16:00:00',NULL,3,3),(89,'2016-09-29 09:45:00','2016-09-29 09:50:18','2016-09-29 12:00:52',35,3,3,25,'2016-09-29 12:00:00',NULL,11,3),(90,'2016-09-29 12:50:00','2016-09-29 12:47:31','2016-09-30 12:26:20',57,2,2,34,'2016-09-29 19:00:00',NULL,3,3),(91,'2016-09-29 12:50:00','2016-09-29 12:52:58','2016-09-30 12:26:45',60,2,2,37,'2016-09-29 19:00:00',NULL,3,3),(92,'2016-10-03 10:15:00','2016-10-03 10:37:26','2016-10-03 13:13:42',61,2,2,28,'2016-10-03 12:45:00',NULL,3,3),(93,'2016-10-03 11:05:00','2016-10-03 11:09:32','2016-10-03 18:31:52',62,1,1,42,'2016-10-03 18:00:00',NULL,5,3),(94,'2016-10-04 12:25:00','2016-10-04 12:29:59','2016-10-05 11:26:59',63,2,2,28,'2016-10-04 19:15:00',NULL,3,3),(95,'2016-10-04 13:30:00','2016-10-04 13:31:36','2016-10-05 13:23:44',47,2,2,31,'2016-10-04 18:20:00',NULL,3,3),(96,'2016-10-05 11:25:00','2016-10-05 11:24:28','2016-10-06 12:12:42',45,2,2,34,'2016-10-05 19:10:00',NULL,3,4),(97,'2016-10-05 12:55:00','2016-10-05 12:52:53','2016-10-05 19:14:34',63,2,2,28,'2016-10-05 19:15:00',NULL,3,4),(98,'2016-10-10 09:50:00','2016-10-10 09:49:54','2016-10-13 12:28:13',47,2,2,29,'2016-10-11 14:25:00',NULL,11,3),(99,'2016-10-10 11:00:00','2016-10-10 15:43:48','2016-10-10 19:02:57',62,1,1,42,'2016-10-10 19:00:00',NULL,5,3),(100,'2016-10-17 11:00:00','2016-10-17 20:24:12','2016-10-17 20:32:17',62,1,1,42,'2016-10-17 18:45:00',NULL,5,3),(101,'2016-10-24 10:30:00','2016-10-24 10:45:43','2016-10-24 18:31:43',62,1,1,42,'2016-10-24 18:15:00',NULL,3,4),(102,'2016-10-25 11:40:00','2016-10-25 11:38:35','2016-10-26 12:11:50',37,2,2,31,'2016-10-25 15:00:00',NULL,11,4),(103,'2016-10-24 19:15:00','2016-10-25 19:55:06','2016-10-25 19:56:22',76,1,1,42,'2016-09-24 20:15:00',NULL,6,3),(104,'2016-10-25 18:05:00','2016-10-25 19:57:35','2016-10-25 19:58:08',89,1,1,30,'2016-10-25 19:45:00',NULL,6,3),(105,'2016-10-26 12:10:00','2016-10-26 12:14:15','2016-10-26 16:27:00',62,1,1,42,'2016-10-26 16:25:00',NULL,3,4),(106,'2016-10-27 15:50:00','2016-10-27 15:52:25','2016-10-31 10:06:24',47,4,2,39,'2016-10-28 10:00:00',NULL,6,4),(107,'2016-10-29 00:00:00','2016-10-29 16:24:49','2016-10-29 16:52:00',89,1,1,30,'2016-10-29 16:50:00',NULL,6,3),(108,'2016-10-31 11:15:00','2016-10-31 11:33:02','2016-11-02 09:38:29',90,2,2,28,'2016-10-31 18:00:00',NULL,4,3),(109,'2016-10-31 11:15:00','2016-10-31 11:33:28','2016-11-02 09:38:47',91,2,2,29,'2016-10-31 18:00:00',NULL,4,3),(110,'2016-10-31 11:15:00','2016-10-31 11:35:06','2016-11-02 09:38:05',98,2,2,31,'2016-10-31 18:00:00',NULL,4,3),(111,'2016-11-02 09:35:00','2016-11-02 09:39:40','2016-11-03 09:48:08',47,2,2,39,'2016-11-02 15:30:00',NULL,1,3),(112,'2016-11-02 11:00:00','2016-11-02 16:29:45','2016-11-02 16:30:27',62,1,1,42,'2016-11-02 16:30:00',NULL,5,3),(113,'2016-10-31 11:00:00','2016-11-03 10:03:00','2016-11-03 10:05:17',126,2,2,34,'2016-10-31 18:00:00',NULL,4,3),(114,'2016-10-31 11:00:00','2016-11-03 10:03:25','2016-11-03 10:05:39',128,2,2,35,'2016-10-31 18:00:00',NULL,4,3),(115,'2016-10-31 11:00:00','2016-11-03 10:03:51','2016-11-03 10:05:57',129,2,2,37,'2016-10-31 18:00:00',NULL,4,3),(116,'2016-10-31 11:00:00','2016-11-03 10:04:15','2016-11-03 10:06:13',131,2,2,39,'2016-10-31 18:00:00',NULL,4,3),(117,'2016-10-31 11:00:00','2016-11-03 10:05:00','2016-11-03 10:06:39',130,1,2,38,'2016-10-31 18:00:00',NULL,4,3),(118,'2016-11-03 13:00:00','2016-11-03 13:59:51','2016-11-08 18:23:16',32,2,1,39,'2016-11-07 11:00:00',NULL,5,3),(119,'2016-11-03 16:40:00','2016-11-03 16:39:29','2016-11-04 11:35:16',29,2,2,35,'2016-11-03 20:05:00',NULL,3,3),(120,'2016-11-04 10:10:00','2016-11-04 10:08:27','2016-11-04 10:12:12',47,2,2,34,'2016-11-04 10:10:00',NULL,11,4),(121,'2016-11-04 10:10:00','2016-11-04 10:12:38','2016-11-07 11:59:02',47,2,2,38,'2016-11-04 15:30:00',NULL,11,4),(122,'2016-11-07 10:00:00','2016-11-08 18:22:36','2016-11-16 14:17:09',2,1,1,42,'2016-11-16 14:15:00',NULL,5,5),(123,'2016-11-14 13:10:00','2016-11-14 13:13:13','2016-11-15 12:55:03',57,2,2,28,'2016-11-14 20:30:00',NULL,3,3),(124,'2016-11-16 11:45:00','2016-11-16 11:55:19','2016-11-17 11:47:22',57,2,2,28,'2016-11-16 20:45:00',NULL,3,3),(125,'2016-11-16 14:00:00','2016-11-16 14:04:19','2016-11-22 09:14:49',132,3,4,39,'2016-11-17 09:10:00',NULL,7,3),(126,'2016-11-21 09:20:00','2016-11-21 09:22:19','2016-11-22 08:06:00',133,3,3,13,'2016-11-21 14:05:00',NULL,6,4),(127,'2016-11-21 19:30:00','2016-11-21 19:58:21','2016-11-21 20:45:42',76,1,1,30,'2016-11-21 20:00:00',NULL,6,4),(128,'2016-11-22 09:10:00','2016-11-22 09:15:34','2017-03-14 11:18:57',132,3,4,32,'2017-03-14 11:15:00',NULL,7,4),(129,'2016-11-22 11:00:00','2016-11-22 11:03:53','2016-11-22 11:34:34',2,2,3,37,'2016-11-22 11:30:00',NULL,11,4),(130,'2016-11-22 11:00:00','2016-11-22 11:04:18','2016-11-22 11:35:13',32,2,3,38,'2016-11-22 11:30:00',NULL,11,4),(131,'2016-11-24 12:50:00','2016-11-24 12:52:25','2016-11-25 10:38:05',37,2,2,29,'2016-11-24 15:00:00',NULL,11,3),(132,'2016-11-25 16:30:00','2016-11-25 16:31:13','2016-11-25 17:22:10',134,1,1,42,'2016-11-25 17:00:00',NULL,6,3),(133,'2016-11-26 10:30:00','2016-11-26 11:25:09','2016-11-26 11:25:53',136,2,2,29,'2016-11-26 11:25:00',NULL,11,3),(134,'2016-11-28 11:05:00','2016-11-28 17:32:30','2016-11-28 19:00:39',62,1,1,42,'2016-11-28 19:00:00',NULL,11,4),(135,'2016-11-29 10:15:00','2016-11-30 08:19:23','2016-11-30 08:20:01',47,3,3,25,'2016-11-29 14:15:00',NULL,6,3),(136,'1899-12-01 10:15:00','2016-12-02 10:54:46','2016-12-02 12:11:47',62,1,NULL,42,'1899-12-01 12:00:00',NULL,3,3),(137,'2016-12-02 10:30:00','2016-12-02 12:12:37','2016-12-02 18:56:53',62,1,1,42,'2016-12-02 18:55:00',NULL,3,3),(138,'2016-12-05 10:40:00','2016-12-05 10:47:30','2016-12-05 18:41:17',62,1,1,42,'2016-12-05 18:40:00',NULL,11,3),(139,'2016-12-05 12:50:00','2016-12-05 12:56:22','2016-12-05 19:34:32',137,2,2,28,'2016-12-05 19:30:00',NULL,3,4),(140,'2016-12-05 19:45:00','2016-12-05 19:50:27','2016-12-07 09:49:23',137,2,2,28,'2016-12-05 17:00:00',NULL,3,3),(141,'2016-12-07 09:50:00','2016-12-07 09:49:56','2016-12-07 19:24:27',137,2,2,29,'2016-12-07 19:25:00',NULL,3,3),(142,'2016-12-07 19:30:00','2016-12-07 19:25:49','2016-12-09 11:38:14',137,2,2,28,'2016-12-07 21:35:00',NULL,3,3),(143,'2016-12-09 12:55:00','2016-12-09 12:56:38','2016-12-09 19:34:29',137,2,2,28,'2016-12-09 19:35:00',NULL,2,3),(144,'2016-12-10 12:00:00','2016-12-10 11:50:41','2016-12-12 11:15:25',137,2,2,28,'2016-12-10 15:15:00',NULL,2,3),(145,'2016-12-12 10:30:00','2016-12-12 10:59:17','2016-12-12 18:10:26',62,1,1,42,'2016-12-12 17:50:00',NULL,3,4),(146,'2016-12-12 19:20:00','2016-12-12 19:23:03','2016-12-12 20:04:45',76,1,1,42,'2016-12-12 20:00:00',NULL,11,4),(147,'2016-12-13 09:00:00','2016-12-13 09:37:06','2016-12-13 18:50:37',137,2,2,28,'2016-12-13 18:50:00',NULL,2,3),(148,'2016-12-14 10:00:00','2016-12-14 11:32:33','2016-12-14 11:44:49',140,1,1,30,'2016-12-14 11:44:00',NULL,2,3),(149,'2016-12-14 11:50:00','2016-12-14 11:50:14','2016-12-14 18:26:12',137,2,2,28,'2016-12-14 18:25:00',NULL,2,3),(150,'2016-12-16 10:00:00','2016-12-16 13:20:00','2016-12-16 18:28:18',62,1,1,42,'2016-12-16 18:20:00',NULL,3,4),(151,'2016-12-16 16:25:00','2016-12-16 16:27:45','2016-12-16 19:09:32',137,2,2,28,'2016-12-16 19:05:00',NULL,3,4),(152,'2016-12-17 09:10:00','2016-12-17 12:00:10','2016-12-19 10:56:48',137,2,2,28,'2016-12-17 14:55:00',NULL,3,4),(153,'2016-12-19 09:55:00','2016-12-19 10:57:24','2016-12-20 11:13:19',137,2,2,28,'2016-12-19 20:10:00',NULL,2,4),(154,'2016-12-19 10:30:00','2016-12-19 13:29:27','2016-12-19 19:26:43',62,1,1,42,'2016-12-19 19:30:00',NULL,3,4),(155,'2016-12-22 12:30:00','2016-12-22 12:46:37','2016-12-22 18:55:42',137,2,2,28,'2016-12-22 18:55:00',NULL,2,4),(156,'2016-12-24 11:00:00','2016-12-24 11:00:26','2016-12-26 11:56:52',137,2,2,28,'2016-12-24 13:30:00',NULL,2,5),(157,'2016-12-27 10:35:00','2016-12-27 10:42:00','2016-12-27 11:51:36',142,2,2,28,'2016-12-27 11:50:00',NULL,11,3),(158,'2017-01-09 13:00:00','2017-01-09 13:04:33','2017-01-10 12:08:20',137,2,2,28,'2017-01-10 21:00:00',NULL,2,3),(159,'2017-01-09 11:30:00','2017-01-09 15:33:42','2017-01-09 19:38:43',62,1,1,42,'2017-01-09 18:30:00',NULL,11,3),(160,'2017-01-11 12:10:00','2017-01-11 12:10:22','2017-01-11 19:02:08',137,2,2,28,'2017-01-11 19:00:00',NULL,11,5),(161,'2017-01-12 12:45:00','2017-01-12 12:43:26','2017-01-13 10:48:04',137,2,2,28,'2017-01-12 20:25:00',NULL,2,4),(162,'2017-01-13 10:15:00','2017-01-13 10:48:31','2017-01-17 11:49:49',137,2,2,28,'2017-01-14 22:00:00',NULL,2,4),(163,'2017-01-17 12:05:00','2017-01-17 12:08:00','2017-01-18 11:49:05',137,2,2,28,'2017-01-17 23:00:00',NULL,2,3),(164,'2017-01-18 11:30:00','2017-01-18 11:50:00','2017-01-18 15:51:43',137,2,2,28,'2017-01-18 15:40:00',NULL,2,4),(165,'2017-01-20 17:05:00','2017-01-20 17:18:32','2017-01-27 09:54:52',137,2,2,28,'2017-01-21 09:00:00',NULL,3,3),(166,'2017-02-01 16:35:00','2017-02-01 16:38:58','2017-02-01 19:38:11',63,2,2,28,'2017-02-01 18:20:00',NULL,3,3),(167,'2017-02-09 08:30:00','2017-02-09 10:01:53','2017-02-09 10:02:44',2,3,3,38,'2017-02-09 10:00:00',NULL,5,3),(168,'2017-02-20 11:00:00','2017-02-20 11:57:59','2017-02-20 18:28:10',62,1,1,42,'2017-02-20 18:30:00',NULL,3,4),(169,'2017-02-24 15:40:00','2017-02-24 15:47:19','2017-02-24 15:59:33',143,1,1,42,'2017-02-24 16:00:00',NULL,11,4),(170,'2017-02-25 11:00:00','2017-02-25 10:57:34','2017-02-25 11:19:52',144,2,2,28,'2017-02-25 11:20:00',NULL,3,3),(171,'2017-02-25 12:30:00','2017-02-25 12:32:59','2017-03-05 09:11:57',37,2,2,28,'2017-02-27 09:00:00',NULL,3,3),(172,'2017-02-25 12:30:00','2017-02-25 12:33:45','2017-03-05 09:12:24',36,2,2,35,'2017-02-27 09:00:00',NULL,3,3),(173,'2017-02-27 10:30:00','2017-02-28 09:53:52','2017-02-28 09:54:39',144,2,2,34,'2017-02-27 12:30:00',NULL,4,3),(174,'2017-03-01 09:40:00','2017-03-01 09:42:27','2017-03-01 11:49:04',144,2,2,29,'2017-03-01 11:45:00',NULL,3,3),(175,'2017-03-09 10:50:00','2017-03-09 10:50:57','2017-03-10 18:33:56',144,2,2,28,'2017-03-10 18:00:00',NULL,4,3),(176,'2017-03-09 09:00:00','2017-03-10 12:22:50','2017-03-10 12:23:42',32,3,3,37,'2017-03-09 10:20:00',NULL,8,3),(177,'2017-03-14 10:55:00','2017-03-14 10:55:59','2017-03-15 09:57:22',144,2,2,28,'2017-03-14 14:00:00',NULL,4,4),(178,'2017-03-15 09:45:00','2017-03-15 09:57:45','2017-03-15 12:07:55',144,2,2,28,'2017-03-15 12:05:00',NULL,4,4),(179,'2017-03-16 10:40:00','2017-03-16 10:43:20','2017-03-16 13:54:37',144,2,2,28,'2017-03-16 13:50:00',NULL,3,3),(180,'2017-03-20 09:35:00','2017-03-20 09:36:05','2017-03-20 11:45:21',144,2,2,28,'2017-03-20 11:40:00',NULL,2,4),(181,'2017-03-22 08:30:00','2017-03-22 09:59:57','2017-03-22 10:01:49',32,3,3,38,'2017-03-22 09:25:00',NULL,8,4),(182,'2017-03-23 10:45:00','2017-03-23 10:47:19','2017-03-23 13:56:04',144,2,2,28,'2017-03-23 13:55:00',NULL,3,3),(183,'2017-03-25 12:35:00','2017-03-25 12:37:13','2017-03-26 12:19:32',45,2,2,28,'2017-03-26 09:00:00',NULL,3,5),(184,'2017-03-28 10:40:00','2017-03-28 10:56:39','2017-03-28 13:54:52',144,2,2,28,'2017-03-28 13:50:00',NULL,3,3),(185,'2017-03-28 14:30:00','2017-03-28 14:28:02','2017-03-29 09:05:23',32,3,3,25,'2017-03-28 20:00:00',NULL,1,3),(186,'2017-03-29 09:30:00','2017-03-29 09:36:21','2017-03-29 12:30:28',144,2,2,28,'2017-03-29 12:00:00',NULL,2,3),(187,'2017-03-29 11:00:00','2017-03-29 12:00:37','2017-03-29 12:01:04',3,3,3,38,'2017-03-29 12:00:00',NULL,6,3),(188,'2017-03-29 11:10:00','2017-03-29 13:19:37','2017-03-29 13:19:58',47,3,NULL,25,'2017-03-29 13:15:00',NULL,3,3),(189,'2017-03-29 15:45:00','2017-03-29 15:49:49','2017-04-06 10:58:15',45,2,2,28,'2017-03-29 17:30:00',NULL,8,3),(190,'2017-03-30 08:50:00','2017-03-30 08:55:34','2017-03-30 09:08:36',143,1,1,42,'2017-03-30 09:00:00',NULL,11,3),(191,'2017-03-30 10:50:00','2017-03-30 11:09:07','2017-03-30 14:09:04',144,2,2,31,'2017-03-30 14:05:00',NULL,3,3),(192,'2017-03-30 09:30:00','2017-03-30 13:19:24','2017-03-30 13:19:57',35,3,3,38,'2017-03-30 13:15:00',NULL,6,3),(193,'2017-04-06 10:50:00','2017-04-06 10:58:40','2017-04-06 14:59:08',144,2,2,28,'2017-04-06 14:55:00',NULL,3,3),(194,'2017-04-07 16:45:00','2017-04-08 09:06:46','2017-04-09 12:16:46',45,2,2,34,'2017-04-08 13:00:00',NULL,8,3),(195,'2017-04-09 12:15:00','2017-04-09 12:17:41','2017-04-11 14:16:32',45,2,2,29,'2017-04-09 16:10:00',NULL,5,3),(196,'2017-04-10 16:30:00','2017-04-11 14:17:07','2017-04-11 14:18:20',45,2,2,35,'2017-04-10 19:25:00',NULL,3,4),(197,'2017-04-12 10:00:00','2017-04-12 11:50:55','2017-04-12 11:52:33',35,3,3,25,'2017-04-12 11:45:00',NULL,8,3),(198,'2017-04-12 18:50:00','2017-04-12 18:51:39','2017-04-18 13:35:56',44,2,2,34,'2017-04-12 19:30:00',NULL,3,3),(199,'2017-04-12 18:50:00','2017-04-12 18:52:20','2017-04-18 13:36:16',43,2,2,28,'2017-04-12 19:10:00',NULL,3,3),(200,'2017-04-19 17:35:00','2017-04-19 17:38:33','2017-04-27 14:44:32',60,2,2,29,'2017-04-19 20:30:00',NULL,3,3),(201,'2017-04-22 12:45:00','2017-04-22 13:56:05','2017-04-22 13:56:39',147,1,1,42,'2017-04-22 13:55:00',NULL,11,3),(202,'2017-04-26 13:40:00','2017-04-26 13:44:01','2017-04-27 14:44:54',45,2,2,34,'2017-04-26 19:25:00',NULL,3,4),(203,'2017-04-28 17:20:00','2017-04-28 17:24:59','2017-05-04 11:09:47',37,2,2,29,'2017-04-28 18:50:00',NULL,2,3),(204,'2017-04-29 11:15:00','2017-04-29 11:25:39','2017-04-29 14:20:59',147,1,1,42,'2017-04-29 14:15:00',NULL,2,3),(205,'2017-05-03 13:45:00','2017-05-03 13:45:20','2017-05-04 11:10:06',45,2,2,34,'2017-05-03 19:55:00',NULL,3,3),(206,'2017-05-04 19:10:00','2017-05-04 19:12:01','2017-05-04 19:12:44',2,1,1,42,'2017-05-04 19:10:00',NULL,11,3),(207,'2017-05-08 17:30:00','2017-05-08 17:33:47','2017-05-09 10:34:07',57,2,2,31,'2017-05-08 19:30:00',NULL,3,4),(208,'2017-05-08 17:30:00','2017-05-08 17:34:22','2017-05-09 10:34:23',60,2,2,34,'2017-05-08 19:30:00',NULL,3,4),(209,'2017-05-09 11:05:00','2017-05-09 11:18:57','2017-05-09 19:45:13',144,2,2,28,'2017-05-09 19:45:00',NULL,3,3),(210,'2017-05-10 13:40:00','2017-05-10 13:46:04','2017-05-11 09:34:55',45,2,2,28,'2017-05-10 20:15:00',NULL,8,3),(211,'2017-05-10 17:25:00','2017-05-10 17:26:13','2017-05-11 09:35:13',60,2,2,31,'2017-05-10 19:30:00',NULL,3,3),(212,'2017-05-10 17:25:00','2017-05-10 17:26:54','2017-05-11 09:35:28',57,2,2,34,'2017-05-10 19:30:00',NULL,3,3),(213,'2017-05-11 13:40:00','2017-05-11 13:43:50','2017-05-12 09:27:50',45,2,2,28,'2017-05-11 20:15:00',NULL,6,4),(214,'2017-05-12 13:35:00','2017-05-12 13:45:01','2017-05-15 12:44:33',45,2,2,28,'2017-05-12 19:30:00',NULL,8,4),(215,'2017-05-15 10:30:00','2017-05-15 07:49:53','2017-05-15 12:07:11',35,3,3,38,'2017-05-15 12:00:00',NULL,8,3),(216,'2017-05-15 17:35:00','2017-05-15 17:38:01','2017-05-16 09:38:22',57,2,2,28,'2017-05-15 20:15:00',NULL,3,3),(217,'2017-05-15 17:35:00','2017-05-15 17:38:29','2017-05-16 09:38:40',60,2,2,31,'2017-05-15 20:15:00',NULL,3,3),(218,'2017-05-16 10:40:00','2017-05-16 10:43:30','2017-05-16 14:16:43',144,2,2,28,'2017-05-16 14:05:00',NULL,3,4),(219,'2017-05-16 17:55:00','2017-05-16 17:56:35','2017-05-16 18:00:14',60,2,2,29,'2017-05-16 18:00:00',NULL,3,4),(220,'2017-05-16 18:05:00','2017-05-16 18:00:38','2017-05-16 20:18:59',60,2,1,31,'2017-05-16 20:20:00',NULL,3,4),(221,'2017-05-16 19:10:00','2017-05-16 19:06:38','2017-05-23 18:23:49',147,1,1,42,'2017-05-16 11:05:00',NULL,6,4),(222,'2017-05-23 18:15:00','2017-05-23 18:24:47','2017-05-23 20:16:39',147,1,1,30,'2017-05-23 20:15:00',NULL,6,3),(223,'2017-05-24 11:05:00','2017-05-24 12:10:05','2017-05-24 12:10:35',3,3,3,38,'2017-05-24 12:10:00',NULL,6,3),(224,'2017-05-24 13:40:00','2017-05-24 13:42:59','2017-05-25 11:00:37',45,2,2,28,'2017-05-24 20:20:00',NULL,8,3),(225,'2017-05-25 11:00:00','2017-05-25 11:01:02','2017-05-26 13:59:41',144,2,2,31,'2017-05-25 20:25:00',NULL,3,3),(226,'2017-05-25 13:15:00','2017-05-25 13:16:39','2017-05-25 13:17:33',148,1,2,29,'2017-05-25 13:15:00',NULL,8,3),(227,'2017-05-25 13:15:00','2017-05-25 13:18:17','2017-05-26 14:00:00',148,2,2,29,'2017-05-25 21:00:00',NULL,8,3),(228,'2017-05-26 13:40:00','2017-05-26 14:00:23','2017-05-28 12:01:52',45,2,2,31,'2017-05-27 22:00:00',NULL,8,3),(229,'2017-05-27 10:40:00','2017-05-27 12:11:01','2017-05-28 12:01:12',44,2,2,28,'2017-05-27 22:00:00',NULL,3,3),(230,'2017-05-29 17:15:00','2017-05-29 17:18:17','2017-05-31 09:23:06',60,2,2,28,'2017-05-29 20:30:00',NULL,3,4),(231,'2017-05-31 13:30:00','2017-05-31 13:36:05','2017-06-01 09:22:42',45,2,2,28,'2017-05-31 20:25:00',NULL,8,3),(232,'2017-06-01 13:40:00','2017-06-01 13:41:28','2017-06-02 12:57:17',45,2,2,29,'2017-06-01 18:30:00',NULL,8,3),(233,'2017-06-01 15:35:00','2017-06-01 15:36:47','2017-06-02 12:57:35',60,2,2,28,'2017-06-01 19:45:00',NULL,3,3),(234,'2017-06-08 13:35:00','2017-06-08 13:35:31','2017-06-09 09:26:35',45,2,2,28,'2017-06-08 19:30:00',NULL,8,3),(235,'2017-06-09 13:30:00','2017-06-09 13:34:19','2017-06-10 10:05:34',45,2,2,28,'2017-06-10 09:00:00',NULL,8,4),(236,'2017-06-09 15:00:00','2017-06-09 15:01:59','2017-06-09 15:02:59',2,1,3,42,'2017-06-09 15:00:00',NULL,5,4),(237,'2017-06-09 15:00:00','2017-06-09 15:02:40','2017-06-09 15:03:51',32,2,3,29,'2017-06-09 15:00:00',NULL,5,4),(238,'2017-06-09 15:05:00','2017-06-09 15:07:46','2017-06-09 15:08:11',2,2,1,35,'2017-06-09 15:05:00',NULL,6,4),(239,'2017-06-09 15:10:00','2017-06-09 15:13:24','2017-06-09 15:13:44',2,3,2,38,'2017-06-09 15:10:00',NULL,5,4),(240,'2017-06-10 10:00:00','2017-06-10 10:06:12','2017-06-12 09:26:53',60,2,2,28,'2017-06-09 19:35:00',NULL,3,3),(241,'2017-06-12 10:55:00','2017-06-12 13:42:25','2017-06-12 13:43:14',3,3,3,37,'2017-06-12 13:20:00',NULL,6,3),(242,'2017-06-13 09:10:00','2017-06-13 09:44:33','2017-06-13 11:33:08',144,2,2,28,'2017-06-13 11:30:00',NULL,3,3),(243,'2017-06-13 09:50:00','2017-06-13 09:53:55','2017-06-13 11:48:49',57,2,2,34,'2017-06-13 11:45:00',NULL,8,3),(244,'2017-06-13 16:50:00','2017-06-13 16:50:32','2017-06-13 17:38:53',149,2,2,34,'2017-06-13 17:35:00',NULL,8,4),(245,'2017-06-14 10:35:00','2017-06-14 10:39:33','2017-06-14 13:49:04',150,2,2,28,'2017-06-14 12:30:00',NULL,8,4),(246,'2017-06-14 10:35:00','2017-06-14 10:39:55','2017-06-14 13:49:25',151,2,2,31,'2017-06-14 12:30:00',NULL,8,4),(247,'2017-06-14 13:30:00','2017-06-14 13:49:46','2017-06-15 10:43:50',45,2,2,31,'2017-06-14 18:30:00',NULL,8,3),(248,'2017-06-14 17:15:00','2017-06-14 17:19:28','2017-06-15 10:44:06',57,2,2,38,'2017-06-14 20:15:00',NULL,3,4),(249,'2017-06-18 10:20:00','2017-06-18 10:21:58','2017-06-19 09:35:29',144,2,2,28,'2017-06-18 13:30:00',NULL,3,3),(250,'2017-06-20 13:15:00','2017-06-20 13:17:16','2017-06-21 09:18:37',60,2,2,28,'2017-06-20 17:10:00',NULL,3,3),(251,'2017-06-21 09:30:00','2017-06-21 09:30:42','2017-06-22 15:25:19',60,2,2,28,'2017-06-21 20:00:00',NULL,3,3),(252,'2017-06-21 10:10:00','2017-06-21 10:14:40','2017-06-21 11:04:56',152,2,4,38,'2017-06-21 11:04:00',NULL,3,3),(253,'2017-06-21 11:00:00','2017-06-21 11:09:23','2017-06-22 10:05:18',153,2,2,31,'2017-06-22 10:00:00',NULL,3,3),(254,'2017-06-21 17:25:00','2017-06-21 17:30:09','2017-06-22 15:25:38',57,2,2,34,'2017-06-21 20:00:00',NULL,3,3),(255,'2017-07-02 10:00:00','2017-07-02 10:02:19','2017-07-02 10:58:59',149,2,2,28,'2017-07-02 11:00:00',NULL,8,4),(256,'2017-07-04 13:10:00','2017-07-04 13:23:20','2017-07-05 09:21:41',60,2,2,28,'2017-07-04 18:35:00',NULL,3,3),(257,'2017-07-05 11:45:00','2017-07-05 11:47:11','2017-07-06 09:32:41',60,2,2,28,'2017-07-05 18:25:00',NULL,3,3),(258,'2017-07-05 13:00:00','2017-07-05 13:03:56','2017-07-06 09:33:07',160,3,2,29,'2017-07-05 19:15:00',NULL,6,3),(259,'2017-07-07 09:45:00','2017-07-07 11:51:10','2017-07-07 14:14:49',161,3,2,42,'2017-07-07 13:30:00',NULL,6,4),(260,'2017-07-07 19:00:00','2017-07-07 19:01:07','2017-07-09 09:28:53',160,2,2,28,'2017-07-08 13:00:00',NULL,8,4),(261,'2017-07-07 19:00:00','2017-07-07 19:01:32','2017-07-09 09:28:15',161,2,2,31,'2017-07-08 13:00:00',NULL,8,4),(262,'2017-07-11 14:15:00','2017-07-11 14:17:47','2017-07-11 14:26:21',2,2,3,29,'2017-07-11 14:25:00',NULL,5,3),(263,'2017-07-17 08:05:00','2017-07-17 08:34:29','2017-07-17 08:35:26',2,2,3,28,'2017-07-17 08:30:00',NULL,5,4),(264,'2017-07-18 12:25:00','2017-07-18 12:27:31','2017-07-18 12:27:57',2,2,3,31,'2017-07-18 12:25:00',NULL,5,3),(265,'2017-07-21 12:30:00','2017-07-21 12:34:05','2017-07-26 10:00:25',5,3,2,31,'2017-07-21 22:00:00',NULL,3,4),(266,'2017-07-21 09:15:00','2017-07-21 12:34:48','2017-07-21 12:35:30',32,3,3,23,'2017-07-21 12:35:00',NULL,3,4),(267,'2017-08-02 16:50:00','2017-08-02 16:49:29','2017-08-16 19:12:06',161,1,2,27,'2017-08-16 19:10:00',NULL,5,3),(268,'2017-08-16 18:02:00','2017-08-16 18:02:38','2017-08-18 10:03:13',164,1,1,30,'2017-08-17 19:00:00',NULL,2,4),(269,'2017-08-18 00:00:00','2017-08-18 10:16:23','2017-08-18 12:56:19',164,1,1,35,'2017-08-18 12:56:00',NULL,2,4),(270,'2018-08-18 00:00:00','2017-08-18 10:16:59','2017-08-18 12:16:38',165,1,1,30,'2017-08-18 12:15:00',NULL,2,4),(271,'2017-08-19 12:20:00','2017-08-19 12:20:03','2017-08-21 13:28:50',43,2,2,31,'2017-08-21 12:25:00',NULL,3,3),(272,'2017-08-19 12:20:00','2017-08-19 12:20:58','2017-08-21 13:28:16',44,2,2,27,'2017-08-21 12:25:00',NULL,3,3),(273,'2017-08-21 13:25:00','2017-08-21 13:30:09','2017-08-24 10:32:38',60,2,2,27,'2017-08-24 09:00:00',NULL,3,3),(274,'2017-08-21 15:35:00','2017-08-21 15:38:42','2017-08-24 10:33:05',57,2,2,31,'2017-08-24 09:00:00',NULL,3,3),(275,'2017-08-24 10:30:00','2017-08-24 10:33:48','2017-08-25 19:34:58',43,2,2,27,'2017-08-25 17:30:00',NULL,3,4),(276,'2017-08-24 10:30:00','2017-08-24 10:34:18','2017-08-25 19:35:16',44,2,2,31,'2017-08-25 17:30:00',NULL,3,4),(277,'2017-08-25 19:30:00','2017-08-25 19:35:55','2017-08-28 09:41:37',33,2,2,31,'2017-08-28 09:25:00',NULL,8,4),(278,'2017-08-27 09:15:00','2017-08-27 11:47:41','2017-08-27 12:12:19',166,1,1,29,'2017-08-27 12:15:00',NULL,4,4),(279,'2017-08-30 09:45:00','2017-08-30 09:48:32','2017-09-02 12:19:12',5,2,2,31,'2017-09-02 12:19:00',NULL,8,3),(280,'2017-09-03 11:00:00','2017-09-03 11:00:39','2017-09-06 13:18:30',43,2,2,27,'2017-09-06 13:15:00',NULL,3,4),(281,'2017-09-03 11:00:00','2017-09-03 11:01:21','2017-09-06 14:09:35',44,2,2,31,'2017-09-06 13:15:00',NULL,3,4),(282,'2017-09-07 17:50:00','2017-09-07 17:52:07','2017-09-08 18:21:04',169,2,2,27,'2017-09-08 18:20:00',NULL,3,4),(283,'2017-09-21 17:15:00','2017-09-21 17:18:39','2017-09-22 16:08:35',170,1,1,38,'2017-09-21 20:30:00',NULL,11,3),(284,'2017-10-03 16:20:00','2017-10-03 16:26:22','2017-10-14 09:33:40',169,2,2,27,'2017-10-14 09:00:00',NULL,8,4),(285,'2017-10-10 18:05:00','2017-10-10 18:04:21','2017-10-10 18:57:58',144,2,2,31,'2017-10-10 19:00:00',NULL,2,3),(286,'2017-10-13 17:30:00','2017-10-13 17:28:35','2017-10-14 09:33:06',33,2,2,31,'2017-10-14 09:00:00',NULL,2,3),(287,'2017-10-14 11:10:00','2017-10-14 11:10:20','2017-10-14 12:57:34',149,2,2,27,'2017-10-14 12:50:00',NULL,8,3),(288,'2017-10-19 17:45:00','2017-10-19 17:44:27','2017-10-19 19:56:32',171,2,2,27,'2017-10-19 19:55:00',NULL,3,3),(289,'2017-10-19 17:45:00','2017-10-19 17:45:01','2017-10-19 19:57:00',144,2,2,31,'2017-10-19 19:55:00',NULL,3,3),(290,'2017-10-24 09:50:00','2017-10-24 09:55:15','2017-10-25 15:03:18',141,1,1,30,'2017-10-24 14:03:00',NULL,4,3),(291,'2017-10-24 09:50:00','2017-10-24 09:55:53','2017-10-25 15:04:20',140,1,1,38,'2017-10-24 14:03:00',NULL,4,3),(292,'2017-10-26 10:25:00','2017-10-26 10:33:20','2017-10-26 13:38:41',144,2,2,35,'2017-10-26 13:35:00',NULL,3,3),(293,'2017-10-27 08:20:00','2017-10-27 09:00:06','2017-10-27 14:25:56',3,3,1,43,'2017-10-28 10:00:00',NULL,6,4),(294,'2017-11-02 14:45:00','2017-11-02 14:46:15','2017-11-02 19:00:50',144,2,2,35,'2017-11-02 19:00:00',NULL,3,3),(295,'2017-11-22 12:55:00','2017-11-22 12:55:30','2017-11-22 13:43:13',3,2,3,35,'2017-11-22 13:40:00',NULL,3,3),(296,'2017-11-23 14:25:00','2017-11-23 14:29:16','2017-11-27 14:35:33',2,3,2,33,'2017-11-23 14:35:00',NULL,11,3),(297,'2017-11-23 14:25:00','2017-11-23 14:30:06','2017-11-27 14:35:49',32,3,2,35,'2017-11-23 14:35:00',NULL,11,3),(298,'2017-12-19 00:00:00','2017-12-19 09:41:37','2017-12-20 11:37:50',179,1,1,38,'2017-12-19 13:30:00',NULL,11,3),(299,'2017-12-20 10:45:00','2017-12-20 10:50:05','2017-12-20 11:35:29',3,3,3,32,'2017-12-20 11:35:00',NULL,6,3),(300,'2018-01-29 17:35:00','2018-01-29 17:38:02','2018-02-01 09:14:08',60,2,3,33,'2018-01-30 09:10:00',NULL,3,3),(301,'2018-01-30 16:20:00','2018-01-30 16:40:00','2018-01-30 17:49:15',180,2,2,29,'2018-01-30 17:45:00',NULL,8,3),(302,'2018-02-08 17:00:00','2018-02-08 16:59:29','2018-02-08 17:54:49',180,2,2,31,'2018-02-08 18:00:00',NULL,3,4),(303,'2018-02-15 16:30:00','2018-02-15 16:35:07','2018-02-20 18:59:54',180,2,2,31,'2018-02-15 19:20:00',NULL,8,4),(304,'2018-03-01 16:20:00','2018-03-01 16:23:55','2018-03-02 16:14:08',180,2,2,34,'2018-03-01 14:10:00',NULL,8,4),(305,'2018-03-02 16:10:00','2018-03-02 16:15:40','2018-03-02 17:59:22',180,2,2,35,'2018-03-02 17:55:00',NULL,3,4),(306,'2018-03-08 16:10:00','2018-03-08 16:12:01','2018-03-08 18:36:42',180,2,2,35,'2018-03-08 18:35:00',NULL,8,4),(307,'2018-03-12 16:20:00','2018-03-12 17:13:01','2018-03-12 18:37:06',180,2,2,35,'2018-03-12 18:35:00',NULL,8,4),(308,'2018-03-13 15:40:00','2018-03-13 15:45:21','2018-03-15 19:55:58',180,2,2,35,'2018-03-13 18:35:00',NULL,3,3),(309,'2018-03-16 14:20:00','2018-03-16 14:22:54','2018-03-16 17:56:44',180,2,2,35,'2018-03-16 18:55:00',NULL,3,4),(310,'2018-04-05 10:10:00','2018-04-05 10:15:58','2018-04-06 09:41:52',60,2,2,29,'2018-04-05 18:35:00',NULL,2,3),(311,'2018-04-07 09:15:00','2018-04-07 09:46:31','2018-04-07 10:16:30',184,1,1,38,'2018-04-07 10:16:00',NULL,2,4),(312,'2018-04-07 09:15:00','2018-04-07 09:47:06','2018-04-07 10:15:36',185,1,1,43,'2018-04-07 10:14:00',NULL,2,4),(313,'2018-04-22 09:00:00','2018-04-22 09:24:18','2018-04-23 16:36:47',186,2,2,29,'2018-04-22 17:00:00',NULL,8,3),(314,'2018-04-26 16:00:00','2018-04-26 16:09:11','2018-04-27 12:54:52',60,2,2,29,'2018-04-26 19:00:00',NULL,2,4),(315,'2018-04-27 10:40:00','2018-04-27 10:42:55','2018-05-02 11:20:17',47,3,3,32,'2018-04-27 14:15:00',NULL,3,3),(316,'2018-04-27 12:50:00','2018-04-27 12:55:17','2018-04-30 10:44:40',60,2,2,29,'2018-04-18 10:40:00',NULL,2,4),(317,'2018-04-28 15:45:00','2018-04-28 15:47:44','2018-04-28 18:55:46',187,1,1,30,'2018-04-28 19:00:00',NULL,4,4),(318,'2018-04-28 15:45:00','2018-04-28 15:51:05','2018-04-28 18:54:31',188,1,1,38,'2018-04-28 19:00:00',NULL,4,4),(319,'2018-04-30 10:40:00','2018-04-30 10:45:46','2018-05-02 09:38:27',60,2,2,34,'2018-04-30 09:35:00',NULL,3,4),(320,'2018-05-02 09:35:00','2018-05-02 09:39:22','2018-05-04 09:36:41',60,2,2,31,'2018-02-05 18:35:00',NULL,3,4),(321,'2018-05-04 09:35:00','2018-05-04 09:38:00','2018-05-25 08:39:36',60,3,2,42,'2018-04-04 18:35:00',NULL,3,3),(322,'2018-05-07 10:50:00','2018-05-07 10:53:30','2018-05-29 09:19:19',3,3,3,32,'2018-05-25 11:15:00',NULL,6,3),(323,'2018-05-25 08:35:00','2018-05-25 08:41:30','2018-05-29 09:18:25',60,2,3,27,'2018-05-25 18:00:00',NULL,3,4),(324,'2018-05-29 09:00:00','2018-05-29 09:20:32','2018-05-31 08:20:46',2,3,3,27,'2018-05-30 18:20:00',NULL,6,4),(325,'2018-05-29 09:00:00','2018-05-29 09:21:08','2018-05-31 08:21:35',32,3,3,33,'2018-05-30 18:20:00',NULL,6,4),(326,'2018-05-29 09:00:00','2018-05-29 09:21:47','2018-05-31 08:22:03',35,3,3,39,'2018-05-30 18:20:00',NULL,6,4),(327,'2018-05-30 15:30:00','2018-05-30 15:41:29','2018-05-31 08:27:42',194,1,3,30,'2018-05-30 18:20:00',NULL,5,4),(328,'2018-05-30 15:30:00','2018-05-30 15:42:33','2018-05-31 08:28:10',195,1,3,43,'2018-05-30 18:20:00',NULL,5,4),(329,'2018-05-30 15:30:00','2018-05-30 15:43:13','2018-05-31 08:28:48',196,1,3,27,'2018-05-30 18:20:00',NULL,5,4),(330,'2018-05-30 15:30:00','2018-05-30 15:44:02','2018-05-31 08:29:50',197,1,3,39,'2018-05-30 18:20:00',NULL,5,4),(331,'2018-05-30 15:30:00','2018-05-30 15:44:40','2018-05-31 08:30:13',198,1,3,33,'2018-05-30 18:20:00',NULL,5,4),(332,'2018-06-11 19:05:00','2018-06-11 19:10:26','2018-06-11 19:52:42',172,2,2,29,'2018-06-11 19:52:00',NULL,8,3),(333,'2018-06-14 14:50:00','2018-06-14 14:48:10','2018-06-23 09:34:26',33,2,2,31,'2018-06-23 09:15:00',NULL,8,4),(334,'2018-06-24 09:30:00','2018-06-24 09:28:06','2018-06-25 18:02:57',60,2,2,32,'2018-06-25 18:02:00',NULL,3,3),(335,'2018-06-25 18:04:00','2018-06-25 18:04:31','2018-06-26 19:23:19',60,2,2,32,'2018-06-26 19:23:00',NULL,3,3),(336,'2018-06-29 19:30:00','2018-06-29 19:35:43','2018-07-04 09:34:52',60,2,2,32,'2018-07-04 09:34:00',NULL,3,3),(337,'2018-07-02 13:15:00','2018-07-02 13:19:59','2018-07-03 12:33:34',57,3,NULL,37,'2018-07-03 11:30:00',NULL,3,3),(338,'2018-07-03 12:30:00','2018-07-03 12:39:05','2018-07-03 13:49:48',200,3,3,37,'2018-07-03 13:45:00',NULL,5,3),(339,'2018-07-05 14:45:00','2018-07-05 15:06:40','2018-07-10 08:48:05',60,2,3,32,'2018-07-09 13:20:00',NULL,3,4),(340,'2017-07-08 11:00:00','2018-07-08 10:59:43','2018-07-13 16:55:56',186,2,2,29,'2018-07-13 16:55:00',NULL,3,4),(341,'2018-07-09 11:10:00','2018-07-10 08:46:12','2018-07-10 08:46:59',200,3,3,25,'2018-07-09 14:05:00',NULL,5,3),(342,'2018-07-11 10:20:00','2018-07-11 10:22:30','2018-07-13 15:59:48',60,2,2,31,'2018-07-13 15:59:00',NULL,3,3),(343,'2018-07-13 16:00:00','2018-07-13 16:00:37','2018-07-13 16:55:29',60,2,2,32,'2018-07-13 16:55:00',NULL,3,3),(344,'2018-07-13 16:56:00','2018-07-13 16:56:32','2018-07-23 08:52:52',60,2,2,37,'2018-07-20 20:00:00',NULL,3,3),(345,'2018-07-14 12:15:00','2018-07-14 12:21:37','2018-07-15 09:44:27',206,2,2,29,'2018-07-15 09:00:00',NULL,8,3),(346,'2018-07-23 08:15:00','2018-07-23 08:55:31','2018-07-24 08:20:31',60,3,3,35,'2018-07-23 15:15:00',NULL,2,3),(347,'2018-07-23 13:40:00','2018-07-23 13:43:37','2018-08-19 09:30:08',57,3,2,27,'2018-08-19 09:00:00',NULL,3,3),(348,'2018-07-25 11:00:00','2018-07-25 13:15:39','2018-07-25 13:17:20',207,1,1,38,'2018-07-25 13:17:00',NULL,6,3),(349,'2018-07-26 10:40:00','2018-07-26 11:08:42','2018-07-26 13:39:50',207,1,1,38,'2018-07-26 13:40:00',NULL,2,4),(350,'2018-08-17 18:12:00','2018-08-17 18:13:06','2018-08-17 19:41:17',190,2,1,29,'2018-08-17 19:30:00',NULL,6,4),(351,'2018-08-17 19:41:00','2018-08-17 19:41:57','2018-08-17 20:05:37',190,1,2,38,'2018-08-17 20:05:00',NULL,5,4),(352,'2018-08-18 11:05:00','2018-08-18 11:04:27','2018-08-19 09:30:40',190,2,2,38,'2018-08-19 09:00:00',NULL,3,4),(353,'2018-08-20 15:45:00','2018-08-20 15:51:31','2018-08-21 12:59:55',190,2,2,38,'2018-08-21 12:59:00',NULL,3,3),(354,'2018-08-21 13:00:00','2018-08-21 13:00:38','2018-08-21 13:43:04',190,2,2,38,'2018-08-21 13:42:00',NULL,3,3),(355,'2018-08-21 13:43:00','2018-08-21 13:43:35','2018-08-22 09:34:56',190,2,2,37,'2018-08-22 09:34:00',NULL,3,3),(356,'2018-08-30 11:50:00','2018-08-30 11:57:43','2018-08-30 17:37:25',213,2,2,37,'2018-08-30 17:35:00',NULL,4,3),(357,'2018-08-30 11:50:00','2018-08-30 11:58:19','2018-08-30 17:37:40',212,2,2,34,'2018-08-30 17:35:00',NULL,4,3),(358,'2018-08-30 11:50:00','2018-08-30 11:58:58','2018-08-30 17:36:51',211,2,2,27,'2018-08-30 17:35:00',NULL,4,3),(359,'2018-08-30 11:50:00','2018-08-30 11:59:28','2018-08-30 17:37:56',210,2,2,42,'2018-08-30 17:35:00',NULL,4,3),(360,'2018-08-30 11:50:00','2018-08-30 12:00:03','2018-08-30 17:38:10',209,2,2,38,'2018-08-30 17:35:00',NULL,4,3),(361,'2018-09-01 10:00:00','2018-09-01 09:55:32','2018-09-01 10:24:03',190,2,2,38,'2018-09-01 00:00:00',NULL,3,3),(362,'2018-09-01 11:30:00','2018-09-01 11:35:03','2018-09-01 11:46:37',57,2,2,34,'2018-09-01 11:45:00',NULL,3,3),(363,'2018-09-01 11:45:00','2018-09-01 11:47:26','2018-09-02 09:36:31',57,2,2,38,'2018-09-02 09:00:00',NULL,3,3),(364,'2018-09-01 10:30:00','2018-09-03 10:18:09','2018-09-03 10:25:39',214,1,1,33,'2018-09-01 18:00:00',NULL,2,3),(365,'2018-09-04 18:30:00','2018-09-04 18:58:30','2018-09-06 19:45:21',43,2,2,37,'2018-09-05 19:25:00',NULL,3,3),(366,'2018-09-04 18:30:00','2018-09-04 18:58:52','2018-09-06 19:45:40',44,2,2,38,'2018-09-05 19:25:00',NULL,3,3),(367,'2018-09-07 09:40:00','2018-09-07 09:41:30','2018-09-07 10:26:53',199,1,1,33,'2018-09-07 10:30:00',NULL,6,5),(368,'2018-09-09 13:00:00','2018-09-09 12:58:54','2018-09-11 17:18:31',37,2,2,42,'2018-09-09 15:10:00',NULL,3,3),(369,'2018-09-09 13:00:00','2018-09-09 12:59:37','2018-09-11 17:18:46',36,2,2,38,'2018-09-09 15:10:00',NULL,3,3),(370,'2018-09-10 15:52:00','2018-09-10 15:53:32','2018-09-11 17:18:13',208,2,2,37,'2018-09-10 19:35:00',NULL,8,3),(371,'2018-09-11 10:09:00','2018-09-11 10:10:25','2018-09-11 13:59:38',189,2,2,27,'2018-09-11 13:59:00',NULL,3,3),(372,'2018-09-11 17:20:00','2018-09-11 17:20:38','2018-09-14 14:12:00',36,2,2,38,'2018-09-14 12:30:00',NULL,3,3),(373,'2018-09-13 10:42:00','2018-09-13 10:43:20','2018-09-13 10:44:22',215,2,2,27,'2018-09-13 10:44:00',NULL,2,4),(374,'2018-09-13 10:45:00','2018-09-13 10:45:32','2018-09-14 14:46:50',215,2,2,37,'2018-09-14 12:30:00',NULL,2,4),(375,'2018-09-14 14:12:00','2018-09-14 14:12:40','2018-09-14 14:45:02',190,2,2,38,'2018-09-14 14:44:00',NULL,3,3),(376,'2018-09-14 14:47:00','2018-09-14 14:47:21','2018-09-14 17:52:28',190,2,2,37,'2018-09-14 17:52:00',NULL,3,3),(377,'2018-09-15 10:30:00','2018-09-15 10:28:26','2018-09-16 10:06:56',190,2,2,38,'2018-09-16 09:00:00',NULL,3,3),(378,'2018-09-16 13:00:00','2018-09-16 12:56:44','2018-09-17 09:36:49',37,2,2,37,'2018-09-17 09:36:00',NULL,3,3),(379,'2018-09-17 09:30:00','2018-09-17 09:33:08','2018-09-17 10:23:15',199,1,1,33,'2018-09-17 10:20:00',NULL,6,3),(380,'2018-09-17 09:54:00','2018-09-17 09:55:23','2018-09-17 09:56:02',204,2,2,34,'2018-09-17 09:55:00',NULL,2,3),(381,'2018-09-17 09:57:00','2018-09-17 09:57:19','2018-09-17 12:58:05',204,2,2,38,'2018-09-17 12:58:00',NULL,2,3),(382,'2018-09-17 11:28:00','2018-09-17 11:29:02','2018-09-18 09:37:47',190,2,2,37,'2018-09-17 14:35:00',NULL,3,3),(383,'2018-09-18 10:55:00','2018-09-18 10:55:33','2018-09-19 10:12:30',190,2,2,38,'2018-09-19 10:12:00',NULL,3,4),(384,'2018-09-18 14:31:00','2018-09-18 14:31:38','2018-09-18 19:46:44',216,1,1,33,'2018-09-18 18:00:00',NULL,4,3),(385,'2018-09-18 14:31:00','2018-09-18 14:32:07','2018-09-18 19:47:19',217,1,1,29,'2018-09-18 18:00:00',NULL,4,3),(386,'2018-09-19 10:12:00','2018-09-19 10:13:01','2018-09-20 09:42:40',36,2,2,38,'2018-09-20 09:42:00',NULL,3,3),(387,'2018-09-19 18:08:00','2018-09-19 19:08:37','2018-09-19 19:09:16',218,1,1,29,'2018-09-19 19:09:00',NULL,6,3),(388,'2018-09-20 10:18:00','2018-09-20 10:18:54','2018-09-20 17:48:38',36,2,2,37,'2018-09-20 17:48:00',NULL,3,3),(389,'2018-09-20 12:03:00','2018-09-20 12:04:27','2018-09-20 17:49:04',208,2,2,38,'2018-09-19 19:45:00',NULL,8,3),(390,'2018-09-20 17:50:00','2018-09-20 17:55:45','2018-09-22 09:34:43',37,2,2,34,'2018-09-22 09:34:00',NULL,3,3),(391,'2018-09-20 17:50:00','2018-09-20 17:56:05','2018-09-21 11:47:19',190,2,2,37,'2018-09-21 11:47:00',NULL,3,3),(392,'2018-09-21 11:47:00','2018-09-21 11:47:39','2018-09-21 18:15:07',190,2,2,38,'2018-09-21 18:14:00',NULL,4,4),(393,'2018-09-21 16:36:00','2018-09-21 16:36:36','2018-09-22 09:35:02',60,2,2,37,'2018-09-22 09:34:00',NULL,3,4),(394,'2018-09-22 10:04:00','2018-09-22 10:05:06','2018-09-23 12:23:30',190,2,2,38,'2018-09-23 12:23:00',NULL,3,3),(395,'2018-09-23 12:19:00','2018-09-23 12:19:21','2018-09-24 09:41:47',37,2,2,37,'2018-09-24 09:41:00',NULL,3,3),(396,'2018-09-27 12:35:00','2018-09-27 12:35:25','2018-09-29 09:38:57',60,2,2,37,'2018-09-29 09:00:00',NULL,3,3),(397,'2018-09-30 11:30:00','2018-09-30 11:33:07','2018-10-01 09:35:15',190,2,2,38,'2018-10-01 09:35:00',NULL,3,3),(398,'2018-10-03 09:34:00','2018-10-03 09:34:57','2018-10-03 14:31:25',60,2,2,38,'2018-10-03 14:31:00',NULL,2,3),(399,'2018-10-04 17:49:00','2018-10-04 17:49:55','2018-10-05 09:43:06',60,2,2,37,'2018-10-04 00:00:00',NULL,3,3),(400,'2018-10-04 09:40:00','2018-10-05 09:43:59','2018-10-05 14:24:03',60,2,2,37,'2018-10-05 14:23:00',NULL,3,3),(401,'2018-10-06 09:30:00','2018-10-06 09:35:52','2018-10-16 15:00:07',60,2,2,37,'2018-10-16 14:59:00',NULL,3,3),(402,'2018-10-13 10:45:00','2018-10-13 10:54:55','2018-10-14 10:39:35',226,2,2,38,'2018-10-14 09:00:00',NULL,4,3),(403,'2018-10-13 10:45:00','2018-10-13 10:55:28','2018-10-14 10:40:15',225,2,2,27,'2018-10-14 09:00:00',NULL,4,3),(404,'2018-10-16 15:00:00','2018-10-16 15:00:49','2018-10-17 14:30:57',60,2,NULL,38,'2018-10-17 09:30:00',NULL,2,3),(405,'2018-10-17 15:11:00','2018-10-17 15:11:58','2018-10-18 09:31:10',60,2,2,38,'2018-10-18 09:31:00',NULL,3,3),(406,'2018-10-18 18:46:00','2018-10-18 18:47:05','2018-10-19 09:30:05',37,2,2,37,'2018-10-19 09:30:00',NULL,8,4),(407,'2018-10-19 08:30:00','2018-10-19 08:44:40','2018-10-19 12:39:16',3,3,3,22,'2018-10-19 12:35:00',NULL,8,4),(408,'2018-10-19 08:30:00','2018-10-19 08:45:22','2018-10-19 12:39:52',35,3,3,39,'2018-10-19 12:35:00',NULL,8,4),(409,'2018-11-19 16:58:00','2018-11-19 16:58:29','2018-11-19 19:42:00',227,2,2,38,'2018-11-19 19:41:00',NULL,3,4),(410,'2018-11-20 17:16:00','2018-11-20 17:17:01','2018-11-21 10:03:30',227,2,2,37,'2018-11-19 19:41:00',NULL,8,4),(411,'2018-11-21 16:34:00','2018-11-21 16:34:26','2018-11-22 10:54:04',227,2,2,37,'2018-11-22 10:53:00',NULL,8,3),(412,'2018-11-22 10:49:00','2018-11-22 10:49:25','2018-11-22 10:52:58',219,2,2,38,'2018-11-22 10:52:00',NULL,3,3),(413,'2018-11-22 10:54:00','2018-11-22 10:54:32','2018-11-22 12:34:01',219,2,2,37,'2018-11-22 12:33:00',NULL,3,3),(414,'2018-11-22 16:26:00','2018-11-22 16:26:29','2018-11-23 09:33:16',227,2,2,38,'2018-11-23 09:33:00',NULL,8,4),(415,'2018-11-23 16:26:00','2018-11-23 16:27:36','2018-11-24 09:40:03',224,2,2,37,'2018-11-24 09:10:00',NULL,7,4),(416,'1899-12-31 10:00:00','2018-11-25 09:51:10','2018-11-25 12:35:27',227,2,2,38,'2018-11-25 12:30:00',NULL,3,4),(417,'2018-11-27 16:00:00','2018-11-27 16:47:49','2018-11-27 19:28:57',227,2,2,38,'2018-11-27 19:28:00',NULL,8,3),(418,'2018-12-09 10:30:00','2018-12-09 10:34:15','2018-12-09 12:47:23',227,2,2,38,'2018-12-09 12:47:00',NULL,3,4),(419,'2018-12-11 14:09:00','2018-12-11 14:11:01','2018-12-18 10:24:56',215,2,2,38,'2018-12-18 10:24:00',NULL,3,3),(420,'2018-12-18 10:19:00','2018-12-18 10:19:18','2018-12-18 10:24:01',227,2,2,37,'2018-12-18 10:23:00',NULL,3,4),(421,'2018-12-18 10:25:00','2018-12-18 10:25:26','2018-12-18 13:08:38',227,2,2,38,'2018-12-18 13:08:00',NULL,3,4),(422,'2018-12-20 10:16:00','2018-12-20 10:16:24','2018-12-20 12:48:30',227,2,2,38,'2018-12-20 12:48:00',NULL,3,4),(423,'2018-12-20 14:55:00','2018-12-20 14:55:32','2018-12-20 17:12:47',228,2,2,27,'2018-12-20 17:12:00',NULL,3,4),(424,'2018-12-22 10:15:00','2018-12-22 10:19:12','2018-12-22 12:49:00',227,2,2,37,'2018-12-22 13:00:00',NULL,3,4),(425,'2018-12-24 09:32:00','2018-12-24 09:32:40','2018-12-24 12:40:03',227,2,2,37,'2018-12-24 12:39:00',NULL,3,4),(426,'2018-12-24 10:25:00','2018-12-24 10:25:17','2018-12-24 12:40:16',228,2,2,42,'2018-12-24 12:40:00',NULL,2,4),(427,'2018-12-26 10:41:00','2018-12-26 10:42:32','2018-12-26 17:29:02',228,2,2,34,'2018-12-26 17:28:00',NULL,4,3),(428,'2018-12-27 11:45:00','2018-12-27 11:45:57','2019-02-08 11:59:49',227,2,2,31,'2018-12-28 13:25:00',NULL,7,3),(429,'2019-01-08 11:13:00','2019-01-08 11:14:09','2019-01-08 13:03:39',228,2,2,34,'2019-01-08 13:03:00',NULL,3,4),(430,'2019-01-16 11:43:00','2019-01-16 11:44:05','2019-01-26 12:12:55',223,2,2,45,'2019-01-26 12:12:00',NULL,3,3),(431,'2019-01-26 12:15:00','2019-01-26 12:14:41','2019-02-08 11:59:06',223,2,2,45,'2019-02-08 11:58:00',NULL,3,4),(432,'2019-02-08 10:45:00','2019-02-08 12:53:20','2019-02-08 12:53:42',229,3,2,43,'2019-02-08 10:50:00',NULL,5,3),(433,'2019-02-08 10:50:00','2019-02-08 12:54:20','2019-02-08 16:23:46',229,2,2,37,'2019-02-08 16:23:00',NULL,3,3),(434,'2019-02-09 11:20:00','2019-02-09 11:22:45','2019-02-10 10:01:18',229,2,2,37,'2019-02-10 09:30:00',NULL,3,3),(435,'2019-02-14 10:25:00','2019-02-14 10:25:38','2019-02-14 10:26:10',230,2,2,43,'2019-02-14 10:26:00',NULL,8,3),(436,'2019-02-14 11:37:00','2019-02-14 11:37:54','2019-02-14 19:05:53',230,2,2,43,'2019-02-14 19:05:00',NULL,3,3),(437,'2019-02-17 10:45:00','2019-02-17 10:43:35','2019-02-18 10:15:11',229,2,NULL,37,'2019-02-17 00:00:00',NULL,2,3),(438,'2019-02-18 10:15:00','2019-02-18 10:15:45','2019-02-19 11:28:09',229,2,2,37,'2019-02-19 11:28:00',NULL,3,3),(439,'2019-02-18 17:59:00','2019-02-18 17:59:21','2019-02-19 11:28:48',230,2,2,34,'2019-02-19 11:28:00',NULL,8,3),(440,'2019-02-21 09:05:00','2019-02-21 09:05:51','2019-02-23 09:35:42',229,2,2,37,'2019-02-23 09:30:00',NULL,3,3),(441,'2019-02-23 11:00:00','2019-02-23 10:56:15','2019-02-24 09:41:08',36,2,2,37,'2019-02-24 09:41:00',NULL,8,3),(442,'2019-02-24 10:30:00','2019-02-24 10:27:10','2019-02-24 12:48:52',227,2,2,38,'2019-02-24 13:00:00',NULL,3,3),(443,'2019-02-24 10:50:00','2019-02-24 10:52:29','2019-02-25 12:23:22',186,2,2,42,'2019-02-25 12:23:00',NULL,3,3),(444,'2019-02-25 14:06:00','2019-02-25 14:08:57','2019-02-25 14:21:11',229,2,2,31,'2019-02-25 14:21:00',NULL,3,3),(445,'2019-02-25 14:21:00','2019-02-25 14:21:41','2019-03-21 09:46:33',229,2,2,42,'2019-03-21 09:46:00',NULL,3,3),(446,'2019-02-25 17:40:00','2019-02-25 17:40:13','2019-02-25 19:35:38',227,2,2,34,'2019-02-25 19:35:00',NULL,8,3),(447,'2019-02-26 12:24:00','2019-02-26 12:24:41','2019-02-28 10:13:12',190,2,2,37,'2019-02-28 09:36:00',NULL,8,3),(448,'2019-02-27 11:01:00','2019-02-27 11:02:05','2019-02-27 12:37:04',63,2,2,38,'2019-02-27 12:36:00',NULL,3,3),(449,'2019-02-27 11:56:00','2019-02-27 11:56:32','2019-02-28 09:36:42',223,2,2,45,'2019-02-28 09:36:00',NULL,7,3),(450,'2019-02-28 10:13:00','2019-02-28 10:13:40','2019-02-28 12:20:51',227,2,2,37,'2019-02-28 12:20:00',NULL,3,3),(451,'2019-02-28 10:45:00','2019-02-28 10:45:19','2019-02-28 14:08:55',63,2,2,38,'2019-02-28 14:08:00',NULL,3,3),(452,'2019-02-28 13:15:00','2019-02-28 13:18:57','2019-02-28 16:38:06',236,1,1,27,'2019-02-28 16:35:00',NULL,3,3),(453,'2019-02-28 17:47:00','2019-02-28 17:47:49','2019-02-28 17:53:55',142,2,2,31,'2019-02-28 17:53:00',NULL,8,3),(454,'2019-02-28 17:54:00','2019-02-28 17:54:22','2019-02-28 19:05:53',142,2,2,22,'2019-02-28 19:05:00',NULL,8,3),(455,'2019-02-28 10:20:00','2019-03-01 08:24:20','2019-03-01 13:56:44',235,3,2,22,'2019-03-01 13:56:00',NULL,3,3),(456,'2019-03-01 08:30:00','2019-03-01 08:42:11','2019-03-01 08:42:57',137,2,1,34,'2019-03-01 08:45:00',NULL,6,4),(457,'2019-03-01 08:30:00','2019-03-01 08:43:51','2019-03-01 08:44:49',137,2,1,31,'2019-03-01 08:44:00',NULL,6,4),(458,'2019-03-01 08:30:00','2019-03-01 08:45:39','2019-03-01 08:47:03',137,2,1,27,'2019-03-01 08:47:00',NULL,6,4),(459,'2019-03-01 08:47:00','2019-03-01 08:47:51','2019-03-01 08:50:57',137,2,1,43,'2019-03-01 08:50:00',NULL,6,4),(460,'2019-03-01 09:30:00','2019-03-01 11:00:15','2019-03-01 13:57:53',237,1,2,34,'2019-03-01 13:57:00',NULL,5,4),(461,'2019-03-01 09:30:00','2019-03-01 11:32:57','2019-03-01 13:57:07',239,1,2,29,'2019-03-01 13:56:00',NULL,5,4),(462,'2019-03-01 09:30:00','2019-03-01 11:33:37','2019-03-01 13:41:15',194,1,1,33,'2019-03-01 13:41:00',NULL,5,4),(463,'2019-03-01 09:30:00','2019-03-01 11:34:43','2019-03-01 13:58:45',238,1,2,43,'2019-03-01 13:58:00',NULL,6,4),(464,'2019-03-01 09:30:00','2019-03-01 11:35:49','2019-03-01 13:57:30',58,1,2,31,'2019-03-01 13:57:00',NULL,5,4),(465,'2019-03-01 09:30:00','2019-03-01 11:36:51','2019-03-01 13:58:25',137,1,2,27,'2019-03-01 13:58:00',NULL,5,4),(466,'2019-03-02 10:20:00','2019-03-02 10:19:20','2019-03-02 12:46:59',227,2,2,22,'2019-03-02 12:45:00',NULL,3,4),(467,'2019-03-02 11:30:00','2019-03-02 11:28:29','2019-03-06 11:31:02',241,2,2,27,'2019-03-03 00:00:00',NULL,4,4),(468,'2019-03-02 11:30:00','2019-03-02 11:31:04','2019-03-07 13:37:13',231,2,2,43,'2019-03-03 09:35:00',NULL,4,4),(469,'2019-03-02 12:00:00','2019-03-02 12:10:14','2019-03-02 12:18:19',63,2,2,37,'2019-03-02 12:10:00',NULL,3,3),(470,'2019-03-02 12:20:00','2019-03-02 12:19:01','2019-03-03 09:36:15',63,2,2,38,'2019-03-03 09:35:00',NULL,3,3),(471,'2019-03-03 12:10:00','2019-03-03 12:07:54','2019-03-04 10:14:49',230,2,2,22,'2019-03-04 10:14:00',NULL,8,3),(472,'2019-03-05 10:05:00','2019-03-05 10:05:48','2019-03-05 12:57:43',63,2,2,38,'2019-03-05 12:57:00',NULL,3,3),(473,'2019-03-05 10:06:00','2019-03-05 10:06:10','2019-03-05 12:58:10',235,2,2,37,'2019-03-05 12:58:00',NULL,3,3),(474,'2019-03-07 12:34:00','2019-03-07 12:34:20','2019-03-14 13:00:38',223,2,2,45,'2019-03-07 00:00:00',NULL,7,3),(475,'2019-03-07 12:51:00','2019-03-07 12:51:49','2019-03-07 19:02:59',230,2,2,22,'2019-03-07 19:02:00',NULL,8,3),(476,'2019-03-07 13:37:00','2019-03-07 13:37:41','2019-04-01 10:49:52',2,2,2,43,'2019-03-27 14:00:00',NULL,5,3),(477,'2018-08-30 11:30:00','2019-03-16 11:30:04','2019-03-17 12:26:55',235,2,2,38,'2019-03-17 12:26:00',NULL,3,3),(478,'2019-03-16 12:30:00','2019-03-16 12:20:28','2019-03-18 11:42:37',230,2,2,22,'2019-03-18 11:42:00',NULL,6,3),(479,'2019-03-16 11:30:00','2019-03-16 12:34:02','2019-05-02 17:59:11',242,2,2,15,'2019-05-02 19:59:00',NULL,6,3),(480,'2019-03-18 13:25:00','2019-03-18 13:26:09','2019-03-18 13:35:53',243,2,2,38,'2019-03-18 13:35:00',NULL,3,4),(481,'2019-03-18 13:36:00','2019-03-18 13:36:29','2019-03-18 19:40:27',243,2,2,37,'2019-03-18 19:40:00',NULL,3,4),(482,'2019-03-18 16:37:00','2019-03-18 16:37:15','2019-03-20 09:54:32',230,2,2,22,'2019-03-20 09:54:00',NULL,3,4),(483,'2019-03-21 16:29:00','2019-03-21 16:29:52','2019-03-21 19:39:17',199,2,1,37,'2019-03-21 19:39:00',NULL,8,3),(484,'2019-03-23 12:00:00','2019-03-23 11:52:41','2019-03-24 11:08:30',235,2,2,38,'2019-03-24 10:30:00',NULL,3,3),(485,'2019-03-24 11:00:00','2019-03-24 11:10:09','2019-03-26 10:51:33',36,2,2,38,'2019-03-24 13:00:00',NULL,3,3),(486,'2019-03-24 12:30:00','2019-03-24 12:48:24','2019-03-26 10:50:46',37,2,2,22,'2019-03-24 13:00:00',NULL,3,3),(487,'2019-03-25 13:20:00','2019-03-25 13:25:42','2019-03-25 17:39:57',244,1,2,33,'2019-03-25 17:39:00',NULL,5,3),(488,'2019-03-26 13:07:00','2019-03-26 13:08:01','2019-03-27 09:35:53',37,2,2,38,'2019-03-26 20:00:00',NULL,3,3),(489,'2019-03-26 13:08:00','2019-03-26 13:08:23','2019-03-27 09:35:23',36,2,2,22,'2019-03-26 20:00:00',NULL,3,3),(490,'2019-03-27 09:51:00','2019-03-27 09:52:03','2019-03-27 10:26:37',199,2,1,38,'2019-03-27 10:25:00',NULL,6,3),(491,'2019-03-27 10:40:00','2019-03-27 11:43:10','2019-03-28 10:58:12',173,3,1,24,'2019-03-27 11:57:00',NULL,6,3),(492,'2019-03-27 13:49:00','2019-03-27 13:49:50','2019-03-29 17:24:03',36,2,2,34,'2019-03-29 17:23:00',NULL,3,3),(493,'2019-03-28 10:58:00','2019-03-28 10:58:55','2019-03-28 11:25:58',173,1,1,38,'2019-03-28 11:25:00',NULL,5,3),(494,'2019-03-29 17:22:00','2019-03-29 17:22:40','2019-03-30 11:10:30',37,2,2,22,'2019-03-30 11:10:00',NULL,3,3),(495,'2019-03-29 17:24:00','2019-03-29 17:26:59','2019-03-30 11:11:35',36,2,2,27,'2019-03-30 11:10:00',NULL,3,3),(496,'2019-03-29 14:05:00','2019-04-01 10:41:04','2019-04-01 10:48:22',32,3,1,12,'2019-03-29 19:00:00',NULL,6,3),(497,'2019-04-02 13:07:00','2019-04-02 13:07:39','2019-04-09 11:28:27',223,2,2,45,'2019-04-09 11:28:00',NULL,8,4),(498,'2019-04-08 10:42:00','2019-04-08 13:42:31','2019-04-09 11:27:51',244,1,2,37,'2019-04-09 11:27:00',NULL,5,5),(499,'2019-04-14 12:00:00','2019-04-14 12:14:16','2019-04-15 09:37:02',37,2,2,22,'2019-04-15 09:37:00',NULL,8,4),(500,'2019-04-14 12:00:00','2019-04-14 12:15:20','2019-04-15 09:37:27',36,2,2,27,'2019-04-15 09:37:00',NULL,8,4),(501,'2019-04-16 10:42:00','2019-04-16 10:42:22','2019-04-16 11:06:49',173,1,1,38,'2019-04-16 11:06:00',NULL,6,3),(502,'2019-04-16 11:44:00','2019-04-16 11:45:25','2019-04-16 16:25:47',244,2,1,37,'2019-04-16 16:24:00',NULL,4,3),(503,'2019-04-16 12:03:00','2019-04-16 12:04:05','2019-04-17 10:32:53',223,2,2,45,'2019-04-17 10:32:00',NULL,7,3),(504,'2019-04-16 17:52:00','2019-04-16 17:54:03','2019-04-17 09:20:38',244,1,1,38,'2019-04-17 09:20:00',NULL,2,3),(505,'2019-04-17 11:35:00','2019-04-17 11:35:16','2019-04-17 12:00:31',245,1,1,38,'2019-04-17 12:00:00',NULL,6,4),(506,'2019-04-17 18:18:00','2019-04-17 18:18:33','2019-04-20 12:18:52',251,2,NULL,31,'2019-04-20 09:35:00',NULL,8,4),(507,'2019-04-17 18:18:00','2019-04-17 18:19:00','2019-04-20 12:18:09',250,2,2,33,'2019-04-20 09:35:00',NULL,8,4),(508,'2019-04-20 10:00:00','2019-04-21 09:45:40','2019-04-24 07:34:57',250,2,2,31,'2019-04-24 09:34:00',NULL,8,4),(509,'2019-04-21 12:30:00','2019-04-21 12:26:12','2019-04-24 07:35:17',251,2,2,33,'2019-04-24 09:35:00',NULL,8,4),(510,'2019-04-25 09:56:00','2019-04-25 07:56:36','2019-04-25 15:17:23',244,2,1,31,'2019-04-25 17:17:00',NULL,3,4),(511,'2019-04-25 19:10:00','2019-04-25 17:10:13','2019-04-28 07:42:23',244,1,2,38,'2019-04-28 10:00:00',NULL,5,3),(512,'2019-04-29 09:57:00','2019-04-29 07:57:27','2019-04-30 07:38:16',229,2,2,38,'2019-04-30 09:38:00',NULL,3,3),(513,'2019-04-29 18:15:00','2019-04-29 16:15:35','2019-04-29 16:29:51',173,1,1,37,'2019-04-29 18:29:00',NULL,6,3),(514,'2019-04-30 10:14:00','2019-04-30 08:14:45','2019-05-02 07:48:01',36,2,2,38,'2019-05-02 00:00:00',NULL,2,3),(515,'2019-04-30 11:21:00','2019-04-30 09:21:24','2019-05-03 05:53:10',2,2,3,27,'2019-04-30 15:00:00',NULL,8,3),(516,'2019-04-30 18:48:00','2019-04-30 16:49:00','2019-05-03 05:54:00',60,2,3,29,'2019-04-30 14:50:00',NULL,3,3),(517,'2019-05-02 11:21:00','2019-05-02 09:21:54','2019-05-02 12:33:10',233,2,2,38,'2019-05-02 14:00:00',NULL,3,4),(518,'2019-05-02 14:33:00','2019-05-02 12:34:14','2019-05-02 17:59:46',256,2,2,44,'2019-05-02 19:59:00',NULL,4,4),(519,'2019-05-02 14:36:00','2019-05-02 12:36:24','2019-05-02 17:59:58',254,3,2,1,'2019-05-02 19:59:00',NULL,4,4),(520,'2019-05-02 14:37:00','2019-05-02 12:37:55','2019-05-02 18:00:22',255,3,2,12,'2019-05-02 20:00:00',NULL,4,4),(521,'2019-05-02 14:38:00','2019-05-02 12:38:25','2019-05-02 17:58:57',257,3,2,42,'2019-05-02 19:58:00',NULL,4,4),(522,'2019-05-02 14:38:00','2019-05-02 12:38:52','2019-05-02 17:59:30',258,2,2,38,'2019-05-02 19:59:00',NULL,4,4),(523,'2019-05-06 10:35:00','2019-05-06 08:35:16','2019-05-07 07:56:33',244,2,2,22,'2019-05-07 09:56:00',NULL,2,3),(524,'2019-05-07 13:16:00','2019-05-07 11:16:53','2019-05-08 07:30:51',223,2,2,45,'2019-05-08 09:30:00',NULL,7,4),(525,'2019-05-09 14:43:00','2019-05-09 12:44:02','2019-05-12 10:28:27',230,2,2,38,'2019-05-12 19:59:00',NULL,3,3),(526,'2019-05-10 12:21:00','2019-05-10 10:21:34','2019-05-11 08:48:44',259,1,1,37,'2019-05-11 09:08:00',NULL,5,3),(527,'2019-05-11 10:49:00','2019-05-11 08:49:29','2019-05-13 06:52:17',173,1,1,37,'2019-05-11 12:10:00',NULL,6,4),(528,'2019-05-12 12:27:00','2019-05-12 10:27:27','2019-05-13 07:33:41',260,2,2,42,'2019-05-13 09:33:00',NULL,3,3),(529,'2019-05-12 12:30:00','2019-05-12 10:31:56','2019-05-13 07:33:13',261,2,2,38,'2019-05-13 09:33:00',NULL,3,3),(530,'2019-05-12 12:05:00','2019-05-13 06:53:07','2019-05-13 06:54:09',259,1,1,37,'2019-05-13 08:35:00',NULL,6,3),(531,'2019-05-13 15:28:00','2019-05-13 13:28:52','2019-05-14 07:35:01',60,2,2,38,'2019-05-14 09:34:00',NULL,3,3),(532,'2019-05-14 10:00:00','2019-05-14 08:05:22','2019-05-15 08:05:58',60,3,2,24,'2019-05-15 10:05:00',NULL,3,3),(533,'2019-05-14 10:00:00','2019-05-14 08:06:30','2019-05-14 12:32:13',173,3,1,12,'2019-05-14 14:32:00',NULL,6,3),(534,'2019-05-15 18:05:00','2019-05-15 16:05:58','2019-05-16 07:34:37',36,2,2,38,'2019-05-16 09:34:00',NULL,8,3),(535,'2019-05-16 09:33:00','2019-05-16 07:34:12','2019-05-16 11:37:53',233,2,2,24,'2019-05-16 13:37:00',NULL,3,4),(536,'2019-05-16 09:35:00','2019-05-16 07:35:10','2019-05-22 07:30:18',60,2,3,38,'2019-05-17 18:25:00',NULL,3,4),(537,'2019-05-20 17:36:00','2019-05-20 15:37:06','2019-05-20 18:17:44',262,1,1,12,'2019-05-20 20:17:00',NULL,2,4),(538,'2019-05-21 09:11:00','2019-05-21 07:12:01','2019-05-21 10:41:41',227,2,2,24,'2019-05-21 12:41:00',NULL,3,3),(539,'2019-05-22 09:30:00','2019-05-22 07:31:13','2019-05-23 07:26:45',60,3,3,38,'2019-05-22 14:30:00',NULL,2,3),(540,'2019-05-22 11:30:00','2019-05-22 09:34:52','2019-05-22 18:03:52',262,1,1,12,'2019-05-22 20:03:00',NULL,2,3),(541,'2019-05-22 12:15:00','2019-05-22 10:15:17','2019-05-27 07:38:35',259,1,2,30,'2019-05-27 09:38:00',NULL,11,3),(542,'2019-05-23 09:25:00','2019-05-23 07:27:28','2019-05-24 06:07:33',60,3,3,38,'2019-05-23 14:30:00',NULL,2,3),(543,'2019-05-23 10:15:00','2019-05-23 08:15:29','2019-05-23 14:47:58',227,2,2,24,'2019-05-23 16:47:00',NULL,2,4),(544,'2019-05-24 10:38:00','2019-05-24 08:39:05','2019-05-24 08:39:53',47,2,3,15,'2019-05-24 10:39:00',NULL,5,5),(545,'2019-05-24 10:40:00','2019-05-24 08:40:14','2019-05-24 08:40:25',47,2,3,44,'2019-05-24 10:40:00',NULL,5,5),(546,'2019-05-29 09:58:00','2019-05-29 07:58:52','2019-05-29 15:05:59',227,2,2,24,'2019-05-29 17:05:00',NULL,3,4),(547,'2019-05-30 15:15:00','2019-05-30 14:00:30','2019-05-30 17:48:42',227,2,2,24,'2019-05-30 19:48:00',NULL,8,3),(548,'2019-05-31 15:10:00','2019-05-31 13:10:56','2019-05-31 16:47:38',227,2,2,24,'2019-05-31 18:47:00',NULL,2,3),(549,'2019-05-31 17:09:00','2019-05-31 15:09:45','2019-06-01 09:08:40',57,2,2,22,'2019-06-01 11:00:00',NULL,3,3),(550,'2019-06-01 11:50:00','2019-06-01 08:31:00','2019-06-01 09:09:12',43,2,2,45,'2019-06-01 11:09:00',NULL,3,3),(551,'2019-06-01 11:50:00','2019-06-01 08:32:38','2019-06-03 07:40:20',44,2,NULL,30,'2019-06-03 09:40:00',NULL,3,3),(552,'2019-06-01 11:09:00','2019-06-01 09:09:37','2019-06-03 07:40:37',43,2,2,24,'2019-06-03 09:40:00',NULL,3,3),(553,'2019-06-04 09:42:00','2019-06-04 07:43:00','2019-06-04 16:18:45',227,2,2,24,'2019-06-04 18:18:00',NULL,3,3),(554,'2019-06-06 09:35:00','2019-06-06 07:35:40','2019-06-06 15:45:59',227,2,2,24,'2019-06-06 17:45:00',NULL,3,3),(555,'2019-06-06 18:00:00','2019-06-06 16:00:36','2019-06-06 16:39:50',190,2,1,42,'2019-06-06 18:39:00',NULL,6,3),(556,'2019-06-06 18:40:00','2019-06-06 16:40:47','2019-06-07 08:59:29',190,1,2,12,'2019-06-07 10:59:00',NULL,5,3),(557,'2019-06-08 10:08:00','2019-06-08 08:08:55','2019-06-08 10:19:41',227,2,2,24,'2019-06-08 12:19:00',NULL,3,3),(558,'2019-06-08 11:25:00','2019-06-08 09:25:11','2019-06-08 09:46:31',173,1,1,37,'2019-06-08 11:46:00',NULL,2,3),(559,'2019-06-11 09:45:00','2019-06-11 07:48:53','2019-06-11 10:17:50',2,3,3,38,'2019-06-11 12:15:00',NULL,6,5),(560,'2019-06-12 10:23:00','2019-06-12 08:24:03','2019-06-12 15:28:57',227,2,2,24,'2019-06-12 17:28:00',NULL,3,4),(561,'2019-06-12 10:20:00','2019-06-12 11:21:58','2019-06-12 11:22:28',3,3,3,38,'2019-06-12 13:20:00',NULL,5,4),(562,'2019-06-12 13:00:00','2019-06-12 11:32:42','2019-06-12 11:33:07',47,2,3,30,'2019-06-12 13:30:00',NULL,5,4),(563,'2019-06-12 15:15:00','2019-06-12 13:14:40','2019-06-13 12:39:20',173,1,1,37,'2019-06-13 20:00:00',NULL,6,3),(564,'2019-06-14 09:38:00','2019-06-14 07:39:11','2019-06-14 10:45:02',227,2,2,24,'2019-06-14 12:44:00',NULL,8,4),(565,'2019-06-14 10:16:00','2019-06-14 08:16:42','2019-06-14 10:20:07',253,2,2,12,'2019-06-14 12:20:00',NULL,3,4),(566,'2019-06-17 10:05:00','2019-06-17 08:05:08','2019-06-17 09:44:12',253,2,2,24,'2019-06-17 11:44:00',NULL,3,4),(567,'2019-06-17 10:25:00','2019-06-17 08:25:44','2019-06-17 09:31:42',229,2,2,12,'2019-06-17 11:31:00',NULL,3,4),(568,'2019-06-17 18:09:00','2019-06-17 16:09:44','2019-06-18 17:43:07',37,2,2,12,'2019-06-18 19:43:00',NULL,8,3),(569,'2019-06-18 13:33:00','2019-06-18 11:33:14','2019-06-18 17:43:21',263,2,2,34,'2019-06-18 19:43:00',NULL,3,3),(570,'2019-06-20 10:46:00','2019-06-20 08:46:18','2019-06-20 10:25:26',253,2,2,12,'2019-06-20 12:25:00',NULL,3,4),(571,'2019-06-20 18:03:00','2019-06-20 16:03:51','2019-06-20 16:07:46',263,2,2,33,'2019-06-20 18:07:00',NULL,3,4),(572,'2019-06-20 18:08:00','2019-06-20 16:08:12','2019-06-22 08:02:31',263,2,2,12,'2019-06-22 10:02:00',NULL,3,4),(573,'2019-06-22 10:02:00','2019-06-22 08:03:08','2019-06-22 10:22:08',227,2,2,12,'2019-06-22 12:21:00',NULL,3,3),(574,'2019-06-23 10:46:00','2019-06-23 08:47:07','2019-06-24 07:38:44',37,2,2,12,'2019-06-24 09:38:00',NULL,3,3),(575,'2019-06-23 10:47:00','2019-06-23 08:47:59','2019-06-24 07:39:04',36,2,2,29,'2019-06-24 09:39:00',NULL,3,3),(576,'2019-06-24 16:24:00','2019-06-24 14:25:05','2019-06-25 14:44:08',263,2,2,12,'2019-06-25 15:43:00',NULL,3,4),(577,'2019-06-25 09:30:00','2019-06-25 07:53:52','2019-06-26 06:00:05',60,3,3,38,'2019-06-25 17:30:00',NULL,2,3),(578,'2019-06-25 16:44:00','2019-06-25 14:44:25','2019-06-26 07:22:05',37,2,2,12,'2019-06-26 09:22:00',NULL,3,4),(579,'2019-06-26 11:46:00','2019-06-26 09:46:19','2019-06-27 09:02:14',263,2,2,12,'2019-06-27 11:02:00',NULL,3,3),(580,'2019-06-27 11:02:00','2019-06-27 09:03:01','2019-06-28 07:22:54',36,2,2,12,'2019-06-28 09:22:00',NULL,3,3),(581,'2019-06-27 11:03:00','2019-06-27 09:03:25','2019-06-27 16:45:08',37,2,2,34,'2019-06-27 18:45:00',NULL,3,3),(582,'2019-06-28 13:38:00','2019-06-28 11:38:30','2019-07-01 14:46:52',37,2,2,12,'2019-07-01 16:46:00',NULL,3,3),(583,'2019-07-01 16:47:00','2019-07-01 14:47:15','2019-07-02 07:28:37',37,2,2,12,'2019-07-02 09:28:00',NULL,8,4),(584,'2019-07-03 12:20:00','2019-07-03 10:20:18','2019-07-05 07:24:54',60,2,2,12,'2019-07-05 09:24:00',NULL,3,3),(585,'2019-07-04 13:05:00','2019-07-04 11:12:37','2019-07-05 07:25:06',147,3,2,39,'2019-07-05 09:25:00',NULL,5,3),(586,'2019-07-05 09:30:00','2019-07-05 07:30:25','2019-07-07 09:04:38',60,2,2,12,'2019-07-06 11:04:00',NULL,3,3),(587,'2019-07-08 16:50:00','2019-07-08 14:50:50','2019-07-10 09:39:07',37,2,2,12,'2019-07-09 21:25:00',NULL,8,4),(588,'2019-07-10 11:39:00','2019-07-10 09:39:35','2019-07-10 17:36:24',190,2,2,12,'2019-07-10 19:36:00',NULL,3,3),(589,'2019-07-11 11:30:00','2019-07-11 09:38:53','2019-07-15 06:09:52',3,3,NULL,24,'2019-07-15 08:09:00',NULL,5,3),(590,'2019-07-11 12:20:00','2019-07-11 10:21:18','2019-07-12 07:13:52',190,2,2,12,'2019-07-12 09:13:00',NULL,3,3),(591,'2019-07-15 09:50:00','2019-07-15 08:02:03','2019-07-15 09:57:03',46,3,3,27,'2019-07-15 11:55:00',NULL,7,3),(592,'2019-07-15 13:17:00','2019-07-15 11:17:30','2019-08-20 08:53:29',37,2,2,12,'2019-08-20 10:53:00',NULL,3,3),(593,'2019-07-22 10:50:00','2019-07-22 08:55:34','2019-07-22 12:17:26',265,3,3,15,'2019-07-22 14:15:00',NULL,4,3),(594,'2019-07-22 10:50:00','2019-07-22 08:56:10','2019-07-22 12:16:51',266,3,3,22,'2019-07-22 14:15:00',NULL,4,3),(595,'2019-08-06 09:21:00','2019-08-06 07:21:37','2019-08-06 07:29:13',173,1,1,37,'2019-08-06 09:27:00',NULL,6,4),(596,'2019-08-09 12:21:00','2019-08-09 10:21:43','2019-09-24 06:36:58',47,3,3,43,'2019-09-24 08:35:00',NULL,5,4),(597,'2019-08-13 14:00:00','2019-08-13 12:15:50','2019-08-20 08:54:10',269,3,NULL,30,'2019-08-20 10:54:00',NULL,4,3),(598,'2019-08-13 14:00:00','2019-08-13 12:16:38','2019-08-20 08:53:48',268,3,NULL,22,'2019-08-20 10:53:00',NULL,4,3),(599,'2019-08-20 17:17:00','2019-08-20 15:17:48','2019-08-21 08:39:57',190,2,2,12,'2019-08-21 10:39:00',NULL,8,3),(600,'2019-08-21 10:40:00','2019-08-21 08:40:32','2019-08-21 11:35:15',267,2,2,12,'2019-08-21 13:35:00',NULL,3,3),(601,'2019-08-21 13:37:00','2019-08-21 11:37:35','2019-08-22 12:43:50',270,2,2,22,'2019-08-22 14:43:00',NULL,3,3),(602,'2019-08-21 16:24:00','2019-08-21 14:25:03','2019-08-22 12:44:02',190,2,2,12,'2019-08-22 14:43:00',NULL,8,3),(603,'2019-08-21 17:28:00','2019-08-21 15:28:54','2019-08-22 12:44:16',37,2,2,39,'2019-08-22 14:44:00',NULL,3,3),(604,'2019-08-21 17:29:00','2019-08-21 15:29:15','2019-08-22 12:44:28',36,2,2,29,'2019-08-22 14:44:00',NULL,3,3),(605,'2019-08-22 14:44:00','2019-08-22 12:44:54','2019-08-23 08:10:15',190,2,2,12,'2019-08-23 10:10:00',NULL,3,3),(606,'2019-08-22 16:28:00','2019-08-22 14:28:34','2019-08-23 08:10:01',270,2,2,39,'2019-08-23 10:09:00',NULL,6,3),(607,'2019-08-23 10:10:00','2019-08-23 08:10:38','2019-08-24 11:03:53',267,2,2,12,'2019-08-23 13:03:00',NULL,8,3),(608,'2019-08-23 17:44:00','2019-08-23 15:44:53','2019-08-24 11:03:31',270,2,2,22,'2019-08-24 13:03:00',NULL,3,3),(609,'2019-08-24 13:04:00','2019-08-24 11:04:31','2019-08-25 08:19:32',267,2,2,12,'2019-08-25 10:19:00',NULL,11,3),(610,'2019-08-26 12:04:00','2019-08-26 10:04:17','2019-08-26 15:05:06',271,2,2,45,'2019-08-26 17:05:00',NULL,3,4),(611,'2019-08-27 16:44:00','2019-08-27 14:44:20','2019-08-30 07:33:01',190,2,2,12,'2019-08-30 09:32:00',NULL,3,4),(612,'2019-08-27 16:44:00','2019-08-27 14:44:37','2019-08-28 09:57:24',270,2,2,34,'2019-08-28 08:57:00',NULL,8,4),(613,'2019-08-27 18:44:00','2019-08-27 16:45:07','2019-08-28 09:58:05',230,2,2,39,'2019-08-28 08:57:00',NULL,8,4),(614,'2019-08-29 16:54:00','2019-08-29 14:54:43','2019-08-30 07:33:13',263,2,2,22,'2019-08-30 09:33:00',NULL,8,4),(615,'2019-08-29 17:21:00','2019-08-29 15:21:21','2019-08-30 07:33:25',37,2,2,30,'2019-08-30 09:33:00',NULL,8,4),(616,'2019-08-29 17:21:00','2019-08-29 15:21:37','2019-08-30 07:33:36',36,2,2,34,'2019-08-30 09:33:00',NULL,8,4),(617,'2019-08-29 17:40:00','2019-08-29 15:38:56','2019-08-29 17:46:10',262,1,1,31,'2019-08-29 19:00:00',NULL,6,4),(618,'2019-08-30 17:01:00','2019-08-30 15:01:18','2019-08-31 07:30:34',263,2,2,22,'2019-08-31 09:30:00',NULL,3,3),(619,'2019-08-30 18:40:00','2019-08-30 16:40:26','2019-08-31 07:30:59',267,2,2,12,'2019-08-31 09:30:00',NULL,3,4),(620,'2019-08-30 18:40:00','2019-08-30 16:40:59','2019-08-31 07:30:04',230,2,2,33,'2019-08-31 09:29:00',NULL,3,4),(621,'2019-08-31 10:31:00','2019-08-31 08:32:02','2019-09-01 07:31:17',227,2,2,12,'2019-09-01 09:31:00',NULL,3,4),(622,'2019-09-01 11:32:00','2019-09-01 09:32:29','2019-09-02 07:54:46',263,2,2,22,'2019-09-02 09:54:00',NULL,11,4),(623,'2019-09-02 11:59:00','2019-09-02 09:59:36','2019-09-02 11:35:51',25,2,2,33,'2019-09-02 13:35:00',NULL,3,3),(624,'2019-09-03 17:09:00','2019-09-03 15:09:57','2019-09-03 16:33:27',272,2,2,29,'2019-09-03 18:33:00',NULL,8,3),(625,'2019-09-04 18:35:00','2019-09-04 16:35:23','2019-09-06 07:21:48',270,2,2,12,'2019-09-06 09:21:00',NULL,8,3),(626,'2019-09-05 16:08:00','2019-09-05 14:08:58','2019-09-06 07:22:01',37,2,2,22,'2019-09-06 09:21:00',NULL,3,4),(627,'2019-09-05 16:09:00','2019-09-05 14:09:19','2019-09-06 07:22:13',36,2,2,30,'2019-09-06 09:22:00',NULL,3,4),(628,'2019-09-05 16:29:00','2019-09-05 14:29:58','2019-09-05 17:25:34',272,2,2,29,'2019-09-05 19:25:00',NULL,3,4),(629,'2019-09-06 11:04:00','2019-09-06 09:05:02','2019-09-06 10:50:29',253,2,2,12,'2019-09-06 12:50:00',NULL,3,3),(630,'2019-09-09 10:05:00','2019-09-09 08:10:27','2019-09-09 10:58:32',253,3,3,38,'2019-09-09 13:00:00',NULL,3,3),(631,'2019-09-09 10:45:00','2019-09-09 08:56:53','2019-09-09 14:16:58',2,1,1,37,'2019-09-09 00:00:00',NULL,6,3),(632,'2019-09-06 16:30:00','2019-09-09 15:00:46','2019-09-09 15:02:36',270,2,2,12,'2019-09-06 20:00:00',NULL,8,3),(633,'2019-09-06 17:45:00','2019-09-09 15:01:16','2019-09-09 15:01:34',37,2,2,22,'2019-09-06 20:00:00',NULL,3,3),(634,'2019-09-07 10:00:00','2019-09-09 15:03:15','2019-09-09 15:03:53',253,2,2,22,'2019-09-07 11:30:00',NULL,3,3),(635,'2019-09-07 10:00:00','2019-09-09 15:03:36','2019-09-09 15:04:13',252,2,2,34,'2019-09-07 11:30:00',NULL,3,3),(636,'2019-09-10 15:31:00','2019-09-10 13:31:21','2019-09-11 16:17:08',263,2,2,22,'2019-09-11 18:17:00',NULL,3,3),(637,'2019-09-11 10:00:00','2019-09-11 07:56:31','2019-09-11 16:17:20',36,3,2,38,'2019-09-11 18:17:00',NULL,2,3),(638,'2019-09-11 11:30:00','2019-09-11 09:35:10','2019-09-12 09:30:07',37,3,2,24,'2019-09-12 11:30:00',NULL,3,3),(639,'2019-09-11 17:24:00','2019-09-11 15:24:47','2019-09-11 17:09:52',25,2,2,39,'2019-09-11 19:09:00',NULL,3,3),(640,'2019-09-11 18:06:00','2019-09-11 16:06:18','2019-09-11 16:17:32',264,2,2,12,'2019-09-11 18:17:00',NULL,8,3),(641,'2019-09-11 18:17:00','2019-09-11 16:17:52','2019-09-12 09:30:36',264,2,2,38,'2019-09-12 11:30:00',NULL,8,3),(642,'2019-09-12 11:17:00','2019-09-12 09:17:44','2019-09-12 09:22:18',33,2,2,33,'2019-09-12 11:22:00',NULL,3,3),(643,'2019-09-12 11:30:00','2019-09-12 09:30:59','2019-09-14 10:35:17',33,2,2,24,'2019-09-14 12:35:00',NULL,3,3),(644,'2019-09-12 17:23:00','2019-09-12 15:23:47','2019-09-12 17:52:12',25,2,2,34,'2019-09-12 19:52:00',NULL,3,3),(645,'2019-09-13 18:03:00','2019-09-13 16:04:08','2019-09-14 10:34:56',37,2,2,22,'2019-09-14 12:34:00',NULL,2,4),(646,'2019-09-14 12:35:00','2019-09-14 10:36:06','2019-09-15 07:35:06',37,2,2,24,'2019-09-14 20:05:00',NULL,11,3),(647,'2019-09-14 12:36:00','2019-09-14 10:36:49','2019-09-15 07:35:38',36,2,2,38,'2019-09-15 09:35:00',NULL,11,3),(648,'2019-09-15 10:08:00','2019-09-15 08:09:05','2019-09-16 13:46:31',272,2,2,29,'2019-09-16 15:46:00',NULL,11,4),(649,'2019-09-15 12:05:00','2019-09-15 10:05:38','2019-09-16 13:51:42',25,2,2,34,'2019-09-16 15:51:00',NULL,3,3),(650,'2019-09-16 11:53:00','2019-09-16 12:53:16','2019-09-17 07:22:20',57,2,2,22,'2019-09-17 09:22:00',NULL,3,3),(651,'2019-09-16 14:59:00','2019-09-16 12:59:25','2019-09-16 14:31:15',273,1,1,37,'2019-09-16 16:31:00',NULL,1,3),(652,'2019-09-16 11:50:00','2019-09-16 13:04:28','2019-09-17 07:22:32',60,2,2,38,'2019-09-17 09:22:00',NULL,3,3),(653,'2019-09-16 15:45:00','2019-09-16 13:45:37','2019-09-17 07:22:05',263,2,2,24,'2019-09-17 09:22:00',NULL,3,3),(654,'2019-09-17 09:22:00','2019-09-17 07:22:54','2019-09-17 09:14:46',60,2,2,24,'2019-09-17 11:14:00',NULL,3,3),(655,'2019-09-17 09:23:00','2019-09-17 07:23:15','2019-09-18 09:01:45',57,2,2,38,'2019-09-18 11:01:00',NULL,3,3),(656,'2019-09-17 11:15:00','2019-09-17 09:15:28','2019-09-18 09:01:29',60,2,2,22,'2019-09-18 11:01:00',NULL,3,3),(657,'2019-09-17 18:04:00','2019-09-17 16:04:54','2019-09-20 07:33:03',37,2,2,24,'2019-09-20 09:32:00',NULL,11,4),(658,'2019-09-19 09:03:00','2019-09-19 07:04:06','2019-09-20 07:33:22',229,2,2,38,'2019-09-20 09:33:00',NULL,3,3),(659,'2019-09-19 11:28:00','2019-09-19 09:28:23','2019-09-24 06:35:06',2,1,3,37,'2019-09-23 21:30:00',NULL,5,3),(660,'2019-09-19 15:58:00','2019-09-19 13:58:39','2019-09-20 13:42:59',36,2,2,33,'2019-09-20 15:42:00',NULL,3,3),(661,'2019-09-20 09:33:00','2019-09-20 07:34:11','2019-09-20 13:42:27',37,2,2,38,'2019-09-20 15:42:00',NULL,3,4),(662,'2019-09-23 11:09:00','2019-09-23 09:09:21','2019-09-23 14:33:38',227,2,2,24,'2019-09-23 16:33:00',NULL,3,4),(663,'2019-09-23 18:03:00','2019-09-23 16:03:07','2019-09-24 16:20:45',267,2,2,24,'2019-09-24 18:20:00',NULL,8,4),(664,'2019-09-24 18:21:00','2019-09-24 16:21:34','2019-09-26 12:11:29',37,2,2,24,'2019-09-26 10:00:00',NULL,11,4),(665,'2019-09-25 10:20:00','2019-09-25 09:20:29','2019-09-25 10:39:47',227,2,2,38,'2019-09-25 12:39:00',NULL,3,4),(666,'2019-09-26 11:12:00','2019-09-26 12:12:24','2019-09-26 17:00:14',227,2,2,24,'2019-09-26 19:00:00',NULL,3,3),(667,'2019-09-27 10:10:00','2019-09-27 08:18:34','2019-09-27 15:20:11',276,3,2,39,'2019-09-27 17:20:00',NULL,2,3),(668,'2019-09-27 10:23:00','2019-09-27 08:23:54','2019-09-28 07:34:05',263,2,2,22,'2019-09-28 09:33:00',NULL,3,3),(669,'2019-09-29 10:18:00','2019-09-29 08:18:49','2019-09-29 10:34:37',234,2,2,24,'2019-09-29 12:34:00',NULL,3,3),(670,'2019-09-29 10:19:00','2019-09-29 08:19:23','2019-09-29 10:35:01',233,2,2,39,'2019-09-29 12:34:00',NULL,3,3),(671,'2019-09-29 10:26:00','2019-09-29 08:26:59','2019-10-01 12:03:45',272,2,2,29,'2019-10-01 14:03:00',NULL,11,3),(672,'2019-09-29 12:20:00','2019-09-29 10:20:53','2019-09-29 10:26:52',33,2,2,38,'2019-09-29 12:26:00',NULL,3,3),(673,'2019-09-29 12:35:00','2019-09-29 10:35:29','2019-10-01 12:04:08',33,2,2,24,'2019-10-01 14:04:00',NULL,3,3),(674,'2019-09-29 12:36:00','2019-09-29 10:36:13','2019-10-01 12:03:27',36,2,2,39,'2019-10-01 14:03:00',NULL,3,3),(675,'2019-09-29 12:36:00','2019-09-29 10:36:39','2019-10-01 12:03:06',37,2,2,22,'2019-10-01 14:03:00',NULL,3,3),(676,'2019-09-30 10:30:00','2019-09-30 08:31:05','2019-09-30 08:38:55',275,3,3,43,'2019-09-30 10:40:00',NULL,3,3),(677,'2019-09-30 10:40:00','2019-09-30 08:40:25','2019-10-01 06:59:15',275,3,3,37,'2019-09-30 14:30:00',NULL,3,3),(678,'2019-10-01 09:05:00','2019-10-01 07:08:08','2019-10-01 10:24:57',233,3,3,44,'2019-10-01 12:20:00',NULL,3,3),(679,'2019-09-30 14:30:00','2019-10-01 07:11:19','2019-10-10 10:18:17',2,3,3,37,'2019-10-10 00:15:00',NULL,2,3),(680,'2019-10-01 12:29:00','2019-10-01 10:29:46','2019-10-01 12:02:49',243,2,2,38,'2019-10-01 14:02:00',NULL,3,4),(681,'2019-10-01 14:04:00','2019-10-01 12:04:28','2019-10-01 13:01:20',243,2,2,24,'2019-10-01 15:01:00',NULL,3,4),(682,'2019-10-01 15:16:00','2019-10-01 13:17:00','2019-10-02 16:04:06',274,2,2,24,'2019-10-02 18:03:00',NULL,3,4),(683,'2019-10-01 18:37:00','2019-10-01 16:37:24','2019-10-02 16:04:17',37,2,2,39,'2019-10-02 18:04:00',NULL,8,4),(684,'2019-10-02 18:05:00','2019-10-02 16:05:21','2019-10-03 08:22:17',37,2,2,24,'2019-10-03 10:22:00',NULL,3,4),(685,'2019-10-03 10:20:00','2019-10-03 08:19:55','2019-10-03 09:46:54',233,3,3,43,'2019-10-03 11:45:00',NULL,3,3),(686,'2019-10-03 11:19:00','2019-10-03 09:20:30','2019-10-03 13:10:58',276,2,2,24,'2019-10-03 15:10:00',NULL,3,3),(687,'2019-10-07 09:50:00','2019-10-07 07:52:24','2019-10-07 09:40:28',275,3,3,44,'2019-10-07 11:40:00',NULL,3,4),(688,'2019-10-07 10:07:00','2019-10-07 08:07:59','2019-10-07 13:53:33',227,2,2,24,'2019-10-07 15:53:00',NULL,3,4),(689,'2019-10-07 11:03:00','2019-10-07 09:03:42','2019-10-08 08:10:46',36,2,2,39,'2019-10-07 19:10:00',NULL,3,4),(690,'2019-10-08 10:11:00','2019-10-08 08:12:00','2019-10-09 08:45:33',36,2,2,39,'2019-10-09 10:45:00',NULL,3,3),(691,'2019-10-10 11:14:00','2019-10-10 09:14:14','2019-10-10 13:47:59',276,2,2,24,'2019-10-10 15:47:00',NULL,3,4),(692,'2019-10-10 10:15:00','2019-10-10 10:19:18','2019-10-11 06:36:14',60,3,3,37,'2019-10-10 19:00:00',NULL,2,3),(693,'2019-10-10 15:48:00','2019-10-10 13:48:25','2019-10-10 16:58:04',276,2,2,39,'2019-10-10 18:57:00',NULL,3,3),(694,'2019-10-11 09:20:00','2019-10-11 07:21:25','2019-10-14 08:08:55',60,3,3,43,'2019-10-11 14:05:00',NULL,2,3),(695,'2019-10-11 10:00:00','2019-10-11 07:49:36','2019-10-11 15:36:31',276,3,2,37,'2019-10-11 17:36:00',NULL,2,3),(696,'2019-10-11 10:56:00','2019-10-11 08:57:09','2019-10-13 10:14:40',278,2,2,22,'2019-10-13 12:14:00',NULL,4,3),(697,'2019-10-11 10:57:00','2019-10-11 08:57:24','2019-10-13 10:15:19',279,2,2,24,'2019-10-13 12:15:00',NULL,4,3),(698,'2019-10-11 11:00:00','2019-10-11 09:05:29','2019-10-11 18:05:36',227,3,2,44,'2019-10-11 20:05:00',NULL,3,3),(699,'2019-10-13 09:58:00','2019-10-13 07:58:54','2019-10-13 08:05:19',275,2,2,38,'2019-10-13 10:05:00',NULL,11,3),(700,'2019-10-13 09:59:00','2019-10-13 07:59:32','2019-10-13 08:05:38',274,2,2,44,'2019-10-13 10:05:00',NULL,11,3),(701,'2019-10-13 10:05:00','2019-10-13 08:06:05','2019-10-14 07:10:10',275,2,2,37,'2019-10-14 09:10:00',NULL,11,3),(702,'2019-10-13 10:06:00','2019-10-13 08:06:32','2019-10-14 07:10:27',274,2,2,39,'2019-10-14 09:10:00',NULL,11,3),(703,'2019-10-13 11:06:00','2019-10-13 09:06:26','2020-01-12 10:19:03',229,2,5,29,'2020-01-12 11:18:00',NULL,11,3),(704,'2019-10-14 18:50:00','2019-10-14 16:50:38','2019-10-16 07:46:02',263,2,2,22,'2019-10-16 09:45:00',NULL,8,3),(705,'2019-10-15 11:35:00','2019-10-15 09:36:06','2019-10-15 15:50:02',276,2,2,37,'2019-10-15 17:49:00',NULL,3,4),(706,'2019-10-16 09:28:00','2019-10-16 07:28:24','2019-10-16 14:29:34',276,2,2,24,'2019-10-16 16:29:00',NULL,3,3),(707,'2019-10-16 11:06:00','2019-10-16 09:06:30','2019-10-18 07:22:39',274,2,2,39,'2019-10-18 09:22:00',NULL,11,3),(708,'2019-10-16 11:06:00','2019-10-16 09:06:59','2019-10-18 07:22:28',275,2,2,37,'2019-10-18 09:22:00',NULL,11,3),(709,'2019-10-18 17:05:00','2019-10-18 15:05:46','2019-10-19 07:44:56',227,2,2,24,'2019-10-18 19:40:00',NULL,3,4),(710,'2019-10-19 10:26:00','2019-10-19 08:26:44','2019-10-19 10:38:02',227,2,2,24,'2019-10-19 12:37:00',NULL,11,4),(711,'2019-10-21 11:10:00','2019-10-21 09:10:18','2019-10-21 16:40:57',227,2,2,24,'2019-10-21 18:40:00',NULL,3,3),(712,'2019-10-21 18:56:00','2019-10-21 16:56:53','2019-10-22 07:37:28',37,2,2,24,'2019-10-22 09:37:00',NULL,8,3),(713,'2019-10-24 11:22:00','2019-10-24 09:23:23','2019-10-28 09:16:37',227,2,NULL,24,'2019-10-28 10:16:00',NULL,3,4),(714,'2019-10-24 15:24:00','2019-10-24 13:24:35','2019-10-25 07:44:55',274,2,2,37,'2019-10-25 09:44:00',NULL,3,5),(715,'2019-10-25 14:28:00','2019-10-25 12:29:07','2019-10-26 10:00:51',263,2,2,22,'2019-10-26 12:00:00',NULL,3,3),(716,'2019-10-26 11:55:00','2019-10-26 10:00:07','2019-10-27 09:56:45',36,2,2,39,'2019-10-27 10:56:00',NULL,3,3),(717,'2019-10-26 12:01:00','2019-10-26 10:01:24','2019-10-27 09:57:03',37,2,2,22,'2019-10-27 10:57:00',NULL,3,3),(718,'2019-10-26 12:34:00','2019-10-26 10:35:08','2019-10-27 09:57:23',263,2,2,38,'2019-10-27 10:57:00',NULL,3,3),(719,'2019-10-26 12:47:00','2019-10-26 10:47:29','2019-10-28 08:38:10',272,2,NULL,33,'2019-10-28 09:38:00',NULL,3,3),(720,'2019-10-27 11:23:00','2019-10-27 10:23:51','2019-10-28 08:37:52',263,2,2,22,'2019-10-28 09:37:00',NULL,3,3),(721,'2019-10-28 09:15:00','2019-10-28 08:16:06','2019-10-28 18:50:12',275,2,2,39,'2019-10-28 19:50:00',NULL,3,3),(722,'2019-10-28 10:16:00','2019-10-28 09:17:21','2019-10-29 15:12:54',227,2,2,37,'2019-10-29 16:12:00',NULL,3,3),(723,'2019-10-29 11:23:00','2019-10-29 10:23:32','2019-10-29 14:02:03',276,2,2,39,'2019-10-29 15:02:00',NULL,3,3),(724,'2019-10-29 12:29:00','2019-10-29 11:29:13','2019-10-29 17:04:48',262,1,1,31,'2019-10-29 18:04:00',NULL,2,3),(725,'2019-10-29 15:19:00','2019-10-29 14:19:20','2019-10-31 08:43:51',274,2,2,39,'2019-10-31 09:43:00',NULL,3,4),(726,'2019-10-29 16:13:00','2019-10-29 15:13:13','2019-10-31 08:44:08',37,2,2,37,'2019-10-31 09:44:00',NULL,3,4),(727,'2019-10-31 15:30:00','2019-10-31 14:30:40','2019-11-02 08:28:49',274,2,2,37,'2019-11-02 09:28:00',NULL,3,3),(728,'2019-11-04 09:20:00','2019-11-04 08:24:14','2019-11-05 07:03:14',275,3,3,44,'2019-11-04 14:30:00',NULL,3,4),(729,'2019-11-05 15:31:00','2019-11-05 14:31:30','2019-11-07 14:17:59',274,2,2,37,'2019-11-07 15:17:00',NULL,8,5),(730,'2019-11-07 15:18:00','2019-11-07 14:18:18','2019-11-07 14:25:07',274,2,2,38,'2019-11-07 15:25:00',NULL,3,4),(731,'2019-11-07 15:25:00','2019-11-07 14:25:24','2019-11-08 08:18:20',274,2,2,39,'2019-11-08 09:18:00',NULL,3,4),(732,'2019-11-14 15:32:00','2019-11-14 14:33:01','2019-11-18 09:37:27',274,2,2,39,'2019-11-18 10:37:00',NULL,3,4),(733,'2019-11-18 10:24:00','2019-11-18 09:25:07','2019-11-18 09:37:46',275,2,2,38,'2019-11-18 10:37:00',NULL,3,4),(734,'2019-11-18 10:38:00','2019-11-18 09:38:18','2019-11-22 10:18:15',275,2,2,37,'2019-11-22 11:17:00',NULL,3,4),(735,'2019-11-04 09:20:00','2019-11-19 09:46:30','2019-11-20 09:37:05',227,3,3,43,'2019-11-19 15:30:00',NULL,3,3),(736,'2019-11-21 10:55:00','2019-11-21 09:57:19','2019-11-22 13:12:40',227,3,3,43,'2019-11-21 14:25:00',NULL,3,3),(737,'2019-11-25 10:25:00','2019-11-25 09:27:00','2019-11-27 07:23:11',275,3,3,43,'2019-11-26 14:20:00',NULL,3,4),(738,'2019-11-25 10:25:00','2019-11-25 09:27:34','2019-11-27 07:23:52',274,3,3,44,'2019-11-26 14:20:00',NULL,3,4),(739,'2019-11-25 11:29:00','2019-11-25 10:30:10','2019-11-26 11:50:40',47,2,2,37,'2019-11-26 12:50:00',NULL,3,3),(740,'2019-11-26 12:51:00','2019-11-26 11:51:29','2019-11-26 17:46:21',243,2,2,37,'2019-11-26 18:46:00',NULL,3,4),(741,'2019-11-27 10:35:00','2019-11-27 09:37:05','2019-11-27 11:17:40',227,3,3,43,'2019-11-27 12:15:00',NULL,3,3),(742,'2019-11-27 15:19:00','2019-11-27 14:19:32','2019-11-29 08:51:44',263,2,2,22,'2019-11-29 09:51:00',NULL,3,4),(743,'2019-11-29 10:56:00','2019-11-29 09:56:43','2019-11-29 16:48:25',227,2,2,37,'2019-11-29 17:48:00',NULL,3,4),(744,'2019-12-05 10:40:00','2019-12-05 09:41:05','2019-12-05 17:09:35',227,2,2,37,'2019-12-05 18:09:00',NULL,3,3),(745,'2019-12-05 19:44:00','2019-12-05 18:45:58','2019-12-05 18:48:45',259,2,2,34,'2019-12-05 19:48:00',NULL,8,4),(746,'2019-12-05 19:48:00','2019-12-05 18:49:08','2019-12-09 09:42:26',259,2,2,37,'2019-12-09 10:42:00',NULL,8,4),(747,'2019-12-12 12:33:00','2019-12-12 11:33:29','2019-12-12 15:12:58',259,2,2,37,'2019-12-12 16:12:00',NULL,6,4),(748,'2019-12-13 19:23:00','2019-12-13 18:24:19','2019-12-14 08:51:48',259,2,2,38,'2019-12-14 09:51:00',NULL,8,5),(749,'2019-12-15 10:17:00','2019-12-15 09:17:15','2019-12-15 09:24:57',227,2,2,37,'2019-12-15 10:24:00',NULL,3,3),(750,'2019-12-15 10:25:00','2019-12-15 09:25:28','2019-12-15 11:31:55',227,2,2,38,'2019-12-15 12:31:00',NULL,3,3),(751,'2019-12-16 09:25:00','2019-12-16 08:25:17','2019-12-19 14:33:41',274,3,2,43,'2019-12-19 15:33:00',NULL,3,3),(752,'2019-12-18 16:20:00','2019-12-18 15:21:02','2019-12-19 14:03:24',263,2,2,22,'2019-12-19 15:03:00',NULL,3,3),(753,'2019-12-19 15:03:00','2019-12-19 14:03:47','2019-12-20 08:32:17',263,2,2,22,'2019-12-20 09:32:00',NULL,3,4),(754,'2019-12-19 15:33:00','2019-12-19 14:34:12','2019-12-19 14:35:09',274,2,2,43,'2019-12-19 15:35:00',NULL,3,4),(755,'2019-12-19 15:35:00','2019-12-19 14:35:32','2019-12-20 08:32:28',274,2,2,37,'2019-12-20 09:32:00',NULL,3,4),(756,'2019-12-20 13:32:00','2019-12-20 12:32:57','2019-12-27 09:49:53',280,2,2,39,'2019-12-27 10:49:00',NULL,8,4),(757,'2019-12-26 15:34:00','2019-12-26 14:34:20','2019-12-28 08:21:31',263,2,2,22,'2019-12-28 09:21:00',NULL,3,3),(758,'2019-12-27 10:50:00','2019-12-27 09:50:29','2019-12-27 11:33:14',228,2,2,39,'2019-12-27 12:33:00',NULL,3,3),(759,'2019-12-28 10:57:00','2019-12-28 09:57:48','2019-12-28 10:09:25',228,2,2,22,'2019-12-28 11:09:00',NULL,3,3),(760,'2019-12-28 11:09:00','2019-12-28 10:09:51','2019-12-28 11:46:57',228,2,2,34,'2019-12-28 12:46:00',NULL,3,3),(761,'2019-12-29 12:24:00','2019-12-29 11:26:08','2019-12-30 09:24:33',223,2,2,45,'2019-12-30 10:24:00',NULL,3,3),(762,'2019-12-30 13:57:00','2019-12-30 12:57:44','2019-12-30 15:31:31',243,2,2,39,'2019-12-30 16:31:00',NULL,3,3),(763,'2020-01-05 12:03:00','2020-01-05 11:03:47','2020-01-07 08:48:23',223,2,2,45,'2020-01-07 09:48:00',NULL,3,3),(764,'2020-01-08 10:47:00','2020-01-08 09:47:28','2020-01-08 16:37:10',227,2,2,39,'2020-01-08 17:37:00',NULL,3,3),(765,'2020-01-10 11:45:00','2020-01-10 10:46:01','2020-01-15 09:10:44',280,2,2,39,'2020-01-15 10:10:00',NULL,3,4),(766,'2020-01-12 11:19:00','2020-01-12 10:19:52','2020-01-12 10:44:38',229,2,2,37,'2019-10-01 14:03:00',NULL,3,3),(767,'2020-01-12 11:46:00','2020-01-12 10:46:10','2020-01-14 08:41:41',229,2,2,38,'2020-01-14 09:41:00',NULL,3,3),(768,'2020-01-13 09:50:00','2020-01-13 08:54:08','2020-01-15 09:32:36',275,3,NULL,44,'2020-01-13 14:30:00',NULL,3,3),(769,'2020-01-14 10:35:00','2020-01-14 09:41:45','2020-01-15 09:32:04',227,3,NULL,43,'2020-01-14 15:30:00',NULL,3,3),(770,'2020-01-14 11:28:00','2020-01-14 10:29:36','2020-01-14 10:33:12',276,2,2,38,'2020-01-14 11:33:00',NULL,3,3),(771,'2020-01-14 11:33:00','2020-01-14 10:33:43','2020-01-14 15:26:30',276,2,2,12,'2020-01-14 16:26:00',NULL,3,3),(772,'2020-01-15 10:11:00','2020-01-15 09:11:18','2020-01-15 16:05:29',280,2,2,39,'2020-01-15 17:05:00',NULL,3,4),(773,'2020-01-19 11:24:00','2020-01-19 10:25:07','2020-01-20 08:39:10',223,2,2,45,'2020-01-20 09:39:00',NULL,7,3),(774,'2020-01-22 10:45:00','2020-01-22 09:45:46','2020-01-22 17:13:35',227,2,2,39,'2020-01-22 18:13:00',NULL,3,4),(775,'2020-01-24 11:40:00','2020-01-24 10:40:31','2020-01-24 16:54:26',227,2,2,39,'2020-01-24 17:54:00',NULL,3,4),(776,'2020-01-25 10:36:00','2020-01-25 09:36:40','2020-01-28 10:29:32',227,2,2,39,'2020-01-28 11:29:00',NULL,3,3),(777,'2020-01-28 11:30:00','2020-01-28 10:30:21','2020-01-28 19:24:08',227,2,2,39,'2020-01-28 20:24:00',NULL,3,4),(778,'2020-01-29 18:17:00','2020-01-29 17:17:35','2020-01-30 08:34:09',37,2,2,39,'2020-01-30 09:34:00',NULL,3,4),(779,'2020-01-29 18:17:00','2020-01-29 17:17:53','2020-01-30 08:33:36',36,2,2,30,'2020-01-30 09:33:00',NULL,3,4),(780,'2020-01-30 11:18:00','2020-01-30 10:19:01','2020-01-31 09:25:42',227,2,2,39,'2020-01-31 10:25:00',NULL,3,4),(781,'2020-02-01 10:39:00','2020-02-01 09:39:24','2020-02-02 10:55:14',227,2,2,12,'2020-02-02 11:55:00',NULL,3,3),(782,'2020-02-03 10:11:00','2020-02-03 09:12:03','2020-02-04 08:49:21',227,2,2,12,'2020-02-04 09:49:00',NULL,3,3),(783,'2020-02-05 12:59:00','2020-02-05 11:59:55','2020-02-06 09:08:10',282,2,2,12,'2020-02-06 10:08:00',NULL,3,3),(784,'2020-02-06 10:08:00','2020-02-06 09:08:36','2020-02-07 08:55:23',227,2,2,12,'2020-02-07 09:55:00',NULL,3,3),(785,'2020-02-07 11:55:00','2020-02-07 10:55:30','2020-02-10 08:57:38',227,2,2,12,'2020-02-10 09:57:00',NULL,3,3),(786,'2020-02-10 15:30:00','2020-02-10 14:30:13','2020-02-12 12:04:49',282,2,2,39,'2020-02-12 13:04:00',NULL,3,4),(787,'2020-02-13 10:12:00','2020-02-13 09:12:32','2020-02-13 13:59:10',276,2,2,39,'2020-02-13 14:59:00',NULL,3,3),(788,'2020-02-14 09:27:00','2020-02-14 08:28:17','2020-02-14 14:06:39',276,2,2,39,'2020-02-14 15:06:00',NULL,3,3),(789,'2020-02-14 09:59:00','2020-02-14 09:00:05','2020-02-16 10:13:13',227,2,2,12,'2020-02-16 11:28:00',NULL,3,4),(790,'2020-02-14 14:04:00','2020-02-14 13:04:58','2020-02-16 10:13:42',282,2,2,33,'2020-02-16 19:59:00',NULL,5,3),(791,'2020-02-16 11:07:00','2020-02-16 10:07:26','2020-02-16 10:14:50',37,2,2,38,'2020-02-16 11:14:00',NULL,3,3),(792,'2020-02-16 11:14:00','2020-02-16 10:14:26','2020-02-18 08:25:41',36,2,2,12,'2020-02-18 09:25:00',NULL,3,3),(793,'2020-02-16 11:15:00','2020-02-16 10:15:23','2020-02-18 08:25:24',37,2,2,39,'2020-02-18 09:25:00',NULL,3,3),(794,'2020-02-17 15:05:00','2020-02-17 14:08:28','2020-08-26 12:56:08',275,3,1,37,'2020-08-26 14:56:00',NULL,3,5),(795,'2020-02-18 11:41:00','2020-02-18 10:41:58','2020-02-20 08:40:05',282,2,2,39,'2020-02-20 09:39:00',NULL,8,3),(796,'2020-02-20 11:56:00','2020-02-20 10:56:35','2020-02-21 08:52:57',282,2,2,39,'2020-02-21 09:52:00',NULL,8,3),(797,'2020-02-22 12:05:00','2020-02-22 11:05:21','2020-02-25 08:45:31',37,2,2,12,'2020-02-25 09:45:00',NULL,3,3),(798,'2020-02-24 10:33:00','2020-02-24 09:34:27','2020-02-25 08:45:49',282,2,2,39,'2020-02-25 09:45:00',NULL,8,3),(799,'2020-02-24 11:05:00','2020-02-24 10:05:53','2020-02-24 15:25:29',272,2,2,33,'2020-02-24 16:25:00',NULL,3,3),(800,'2020-02-24 11:30:00','2020-02-24 10:30:39','2020-02-24 17:38:40',25,2,2,34,'2020-02-24 18:38:00',NULL,3,3),(801,'2020-02-28 11:09:00','2020-02-28 10:10:10','2020-03-05 14:43:56',227,2,2,12,'2020-03-05 15:43:00',NULL,3,4),(802,'2020-03-05 15:44:00','2020-03-05 14:44:18','2020-03-07 09:13:08',274,2,2,12,'2020-03-07 10:13:00',NULL,3,5),(803,'2020-03-07 10:13:00','2020-03-07 09:13:46','2020-03-10 09:43:26',227,2,2,12,'2020-03-10 10:43:00',NULL,3,4),(804,'2020-03-10 10:43:00','2020-03-10 09:45:58','2020-03-12 09:31:24',227,2,2,12,'2020-03-12 10:31:00',NULL,3,4),(805,'2020-03-12 10:31:00','2020-03-12 09:31:56','2020-06-15 15:16:09',227,2,2,12,'2020-06-15 17:16:00',NULL,3,4),(806,'2020-05-21 12:45:00','2020-05-21 10:47:25','2020-05-21 10:48:48',2,2,2,15,'2020-05-21 12:45:00',NULL,2,3),(807,'2020-06-15 17:42:00','2020-06-15 15:42:21','2020-06-21 09:49:42',37,2,2,12,'2020-06-21 11:49:00',NULL,5,3),(808,'2020-06-21 11:50:00','2020-06-21 09:50:28','2020-06-22 07:51:16',37,2,2,12,'2020-06-22 09:50:00',NULL,3,3),(809,'2020-06-24 09:53:00','2020-06-24 07:53:46','2020-06-24 14:42:38',287,2,2,12,'2020-06-24 16:42:00',NULL,3,3),(810,'2020-06-27 11:21:00','2020-06-27 09:22:00','2020-06-29 07:35:42',288,2,2,12,'2020-06-29 09:35:00',NULL,3,3),(811,'2020-06-27 11:48:00','2020-06-27 09:48:33','2020-06-29 07:35:54',289,2,2,39,'2020-06-29 09:35:00',NULL,3,3),(812,'2020-06-27 12:02:00','2020-06-27 10:03:34','2020-06-29 07:36:07',25,2,2,34,'2020-06-29 09:36:00',NULL,3,3),(813,'2020-07-04 10:31:00','2020-07-04 08:32:01','2020-07-05 07:06:58',290,2,2,39,'2020-07-05 09:06:00',NULL,3,3),(814,'2020-07-04 10:35:00','2020-07-04 08:35:20','2020-07-05 07:06:38',292,2,2,12,'2020-07-05 09:06:00',NULL,3,3),(815,'2020-07-04 11:22:00','2020-07-04 09:23:14','2020-07-06 07:54:37',264,2,2,34,'2020-07-06 09:54:00',NULL,3,3),(816,'2020-07-05 10:33:00','2020-07-05 08:33:35','2020-07-06 07:54:13',289,2,2,12,'2020-07-06 09:54:00',NULL,3,3),(817,'2020-07-05 11:34:00','2020-07-05 09:34:39','2020-07-06 07:57:20',293,1,2,39,'2020-07-06 09:57:00',NULL,3,3),(818,'2020-07-07 11:35:00','2020-07-07 09:37:19','2020-07-07 09:40:21',33,3,3,37,'2020-07-07 11:40:00',NULL,6,3),(819,'2020-07-07 11:40:00','2020-07-07 09:40:59','2020-07-07 16:37:19',273,3,1,37,'2020-07-07 18:37:00',NULL,6,3),(820,'2020-07-09 19:36:00','2020-07-09 17:36:31','2020-07-09 18:15:39',273,1,1,37,'2020-07-09 20:15:00',NULL,1,4),(821,'2020-07-09 20:11:00','2020-07-09 18:12:04','2020-07-10 07:41:58',294,2,2,30,'2020-07-10 09:41:00',NULL,5,3),(822,'2020-07-11 11:49:00','2020-07-11 09:49:41','2020-07-13 15:31:09',288,2,2,12,'2020-07-13 17:31:00',NULL,3,3),(823,'2020-07-11 11:49:00','2020-07-11 09:50:10','2020-07-13 15:31:35',289,2,2,39,'2019-05-02 19:59:00',NULL,3,3),(824,'2020-07-13 19:00:00','2020-07-13 17:06:33','2020-07-13 17:44:48',273,1,1,37,'2020-07-13 19:44:00',NULL,1,3),(825,'2020-07-14 12:42:00','2020-07-14 10:42:56','2020-07-15 12:35:41',289,2,2,12,'2020-07-15 14:35:00',NULL,3,3),(826,'2020-07-14 12:43:00','2020-07-14 10:43:18','2020-07-15 12:36:10',293,2,2,39,'2020-07-15 14:36:00',NULL,3,3),(827,'2020-07-15 19:32:00','2020-07-15 17:32:56','2020-07-15 18:31:01',273,1,1,37,'2020-07-15 20:30:00',NULL,1,3),(828,'2020-07-16 10:25:00','2020-07-16 08:26:43','2020-11-25 07:45:06',2,3,3,15,'2020-11-25 08:40:00',NULL,2,3),(829,'2020-07-16 17:17:00','2020-07-16 15:18:08','2020-07-16 18:54:09',273,1,1,37,'2020-07-16 20:54:00',NULL,1,3),(830,'2020-07-20 12:04:00','2020-07-20 10:05:13','2020-08-26 12:55:06',140,1,1,42,'2020-08-26 14:54:00',NULL,4,3),(831,'2020-07-24 20:06:00','2020-07-24 18:08:14','2020-07-24 18:46:25',295,1,1,37,'2020-07-24 20:46:00',NULL,6,3),(832,'2020-08-19 10:00:00','2020-08-19 07:52:05','2020-08-21 12:24:18',37,2,2,12,'2020-08-20 19:00:00',NULL,3,3),(833,'2020-08-21 09:15:00','2020-08-21 12:25:05','2020-08-24 07:37:20',37,2,2,12,'2020-08-24 09:37:00',NULL,5,4),(834,'2020-08-26 11:19:00','2020-08-26 09:19:26','2020-08-26 12:56:28',297,1,1,37,'2020-08-26 14:56:00',NULL,4,4),(835,'2020-08-26 11:22:00','2020-08-26 09:22:40','2020-08-26 12:55:33',296,1,1,42,'2020-08-26 14:55:00',NULL,4,4),(836,'2020-08-26 12:16:00','2020-08-26 10:16:32','2020-09-03 17:06:26',37,2,2,12,'2020-09-03 19:06:00',NULL,3,4),(837,'2020-09-03 19:06:00','2020-09-03 17:06:45','2020-09-06 09:44:51',37,2,2,12,'2020-09-06 11:44:00',NULL,8,3),(838,'2020-09-06 11:14:00','2020-09-06 09:14:20','2020-09-06 09:44:06',289,2,2,38,'2020-09-06 11:44:00',NULL,3,4),(839,'2020-09-06 11:14:00','2020-09-06 09:15:06','2020-09-07 07:16:35',288,2,2,39,'2020-09-07 09:16:00',NULL,3,4),(840,'2020-09-06 11:45:00','2020-09-06 09:45:26','2020-09-07 07:16:47',289,2,2,12,'2020-09-07 09:16:00',NULL,3,4),(841,'2020-09-12 12:11:00','2020-09-12 10:11:11','2020-09-15 09:57:30',289,2,2,12,'2020-09-15 11:57:00',NULL,3,3),(842,'2020-09-12 12:12:00','2020-09-12 10:12:32','2020-09-22 07:57:43',288,2,2,39,'2020-09-22 09:57:00',NULL,3,3),(843,'2020-09-12 12:12:00','2020-09-12 10:13:07','2020-09-22 07:57:59',293,2,2,38,'2020-09-22 09:57:00',NULL,3,3),(844,'2020-09-15 00:00:00','2020-09-15 08:35:50','2020-09-16 07:39:47',227,2,2,30,'2020-09-15 19:00:00',NULL,3,3),(845,'2020-09-15 11:58:00','2020-09-15 09:58:20','2020-09-18 17:21:14',37,2,2,12,'2020-09-18 19:21:00',NULL,3,3),(846,'2020-09-18 10:05:00','2020-09-18 08:48:05','2020-09-18 17:20:41',227,2,2,28,'2020-09-18 19:20:00',NULL,5,4),(847,'2020-09-18 19:52:00','2020-09-18 17:53:42','2020-09-18 18:01:16',294,2,2,30,'2020-09-18 20:01:00',NULL,3,3),(848,'2020-09-18 20:01:00','2020-09-18 18:01:49','2020-09-22 07:58:11',294,2,2,34,'2020-09-22 09:58:00',NULL,3,3),(849,'2020-09-20 11:45:00','2020-09-20 09:45:49','2020-09-22 07:58:22',272,2,2,30,'2020-09-22 09:58:00',NULL,3,3),(850,'2020-09-20 13:00:00','2020-09-21 11:51:48','2020-09-21 18:03:56',273,1,1,37,'2020-09-21 20:03:00',NULL,2,3),(851,'2020-09-21 21:02:00','2020-09-21 19:02:52','2020-09-22 06:51:05',273,1,3,37,'2020-09-22 08:45:00',NULL,2,5),(852,'2020-09-22 09:58:00','2020-09-22 07:58:40','2020-09-23 07:34:57',298,2,2,39,'2020-09-23 09:34:00',NULL,3,3),(853,'2020-09-22 19:30:00','2020-09-22 17:48:55','2020-09-23 07:34:41',294,2,2,12,'2020-09-23 09:34:00',NULL,5,3),(854,'2020-09-23 10:14:00','2020-09-23 08:14:56','2020-09-24 07:37:56',298,2,2,39,'2020-09-24 09:37:00',NULL,3,3),(855,'2020-09-28 10:08:00','2020-09-28 08:08:19','2020-09-29 07:47:15',298,2,2,39,'2020-09-29 09:47:00',NULL,3,4),(856,'2020-09-29 15:10:00','2020-09-29 13:10:16','2020-10-06 08:35:46',282,2,2,39,'2020-10-06 10:35:00',NULL,8,4),(857,'2020-09-29 16:06:00','2020-09-29 14:06:09','2020-09-29 15:43:40',47,2,2,12,'2020-09-29 17:43:00',NULL,3,4),(858,'2020-09-30 16:57:00','2020-09-30 14:58:03','2020-10-06 08:36:05',298,2,2,12,'2020-10-06 10:36:00',NULL,3,5),(859,'2020-10-08 10:10:00','2020-10-08 08:20:27','2020-11-02 09:36:59',227,3,3,46,'2020-10-30 14:30:00',NULL,3,3),(860,'2020-10-18 12:08:00','2020-10-18 10:08:59','2020-10-19 07:43:17',300,2,2,30,'2020-10-19 09:43:00',NULL,3,3),(861,'2020-10-18 12:10:00','2020-10-18 10:10:35','2020-10-19 07:43:30',299,2,2,33,'2020-10-19 09:43:00',NULL,3,3),(862,'2020-10-21 12:05:00','2020-10-21 10:06:08','2020-10-31 11:58:40',298,2,2,38,'2020-10-31 12:58:00',NULL,3,3),(863,'2020-10-24 12:48:00','2020-10-24 10:48:43','2020-10-31 11:53:09',300,2,2,30,'2020-10-31 12:52:00',NULL,3,3),(864,'2020-10-30 10:30:00','2020-10-30 09:34:51','2020-10-30 09:34:53',205,3,NULL,44,NULL,NULL,3,3),(865,'2020-10-31 12:53:00','2020-10-31 11:53:40','2020-11-17 09:06:06',300,2,2,30,'2020-11-17 10:06:00',NULL,7,3),(866,'2020-11-08 11:38:00','2020-11-08 10:39:05','2020-11-08 10:49:35',302,2,2,38,'2020-11-08 11:49:00',NULL,3,3),(867,'2020-11-08 11:41:00','2020-11-08 10:41:29','2020-11-14 11:54:27',303,2,2,39,'2020-11-14 12:54:00',NULL,3,3),(868,'2020-11-08 11:50:00','2020-11-08 10:50:20','2020-11-14 11:55:35',302,2,2,12,'2020-11-14 12:55:00',NULL,3,3),(869,'2020-11-08 12:18:00','2020-11-08 11:18:11','2020-11-14 11:55:55',299,2,2,34,'2020-11-14 12:55:00',NULL,3,3),(870,'2020-11-08 12:19:00','2020-11-08 11:19:44','2020-11-14 11:55:06',272,2,2,33,'2020-11-14 12:54:00',NULL,3,3),(871,'2020-11-18 09:45:00','2020-11-18 08:45:18','2020-11-18 08:45:18',276,3,NULL,43,NULL,NULL,3,3),(872,'2020-11-25 08:45:00','2020-11-25 07:45:46','2020-11-25 07:46:53',2,2,2,15,'2020-11-25 08:45:00',NULL,3,3),(873,'2020-12-22 10:20:00','2020-12-22 02:22:29','2020-12-22 02:22:30',227,3,NULL,37,NULL,NULL,3,3),(874,'2021-01-14 09:54:00','2021-01-14 01:55:02','2021-01-14 01:55:49',282,2,2,38,'2021-01-14 09:55:00',NULL,3,4),(875,'2021-02-19 11:11:00','2021-02-19 11:11:28','2021-02-19 11:29:12',173,1,1,42,'2021-02-19 11:29:00',NULL,6,3),(876,'2021-02-26 11:20:00','2021-02-26 11:21:30','2021-02-26 11:21:32',304,3,NULL,32,NULL,NULL,3,4),(877,'2021-02-27 11:22:00','2021-02-27 11:23:04','2021-02-27 11:23:07',288,2,NULL,38,NULL,NULL,3,3),(878,'2021-02-27 11:23:00','2021-02-27 11:23:55','2021-02-27 11:23:55',289,2,NULL,12,NULL,NULL,3,3),(879,'2021-02-27 11:25:00','2021-02-27 11:25:32','2021-02-27 11:34:46',293,2,2,33,'2021-02-27 11:34:00',NULL,3,3),(880,'2021-02-27 11:35:00','2021-02-27 11:35:21','2021-02-27 11:35:21',293,2,NULL,39,NULL,NULL,3,3),(881,'2021-03-03 16:43:00','2021-03-03 16:44:23','2021-03-03 19:10:44',63,2,2,33,'2021-03-03 19:10:00',NULL,3,3);
/*!40000 ALTER TABLE `maileguak` ENABLE KEYS */;
UNLOCK TABLES;

--
-- Table structure for table `matxura`
--

DROP TABLE IF EXISTS `matxura`;
/*!40101 SET @saved_cs_client     = @@character_set_client */;
/*!40101 SET character_set_client = utf8 */;
CREATE TABLE `matxura` (
  `id` int(11) NOT NULL AUTO_INCREMENT,
  `izena` varchar(255) COLLATE utf8_unicode_ci NOT NULL,
  `deskribapena` longtext COLLATE utf8_unicode_ci,
  `salneurria` decimal(10,2) DEFAULT NULL,
  PRIMARY KEY (`id`)
) ENGINE=InnoDB AUTO_INCREMENT=7 DEFAULT CHARSET=utf8 COLLATE=utf8_unicode_ci;
/*!40101 SET character_set_client = @saved_cs_client */;

--
-- Dumping data for table `matxura`
--

LOCK TABLES `matxura` WRITE;
/*!40000 ALTER TABLE `matxura` DISABLE KEYS */;
INSERT INTO `matxura` VALUES (1,'18','<p>ZUKAKETA</p>',NULL),(2,'24','<p>GILTZAK EZ DU KANDADUA IREKITZEN</p>',NULL),(3,'20','<p>Ezkerreko pedalak soinua egiten du</p>',NULL),(4,'27','<p>Bizikletako aulkia igotzeak kosta egiten du</p>',NULL),(5,'32','<p>Aurreko eskubiko frenoaren kablea hautsi egin da</p>',NULL),(6,'26E','<p>Atzeko gurpila zulatuta</p>',NULL);
/*!40000 ALTER TABLE `matxura` ENABLE KEYS */;
UNLOCK TABLES;

--
-- Table structure for table `ornitzaileak`
--

DROP TABLE IF EXISTS `ornitzaileak`;
/*!40101 SET @saved_cs_client     = @@character_set_client */;
/*!40101 SET character_set_client = utf8 */;
CREATE TABLE `ornitzaileak` (
  `id` int(11) NOT NULL AUTO_INCREMENT,
  `izena` varchar(255) COLLATE utf8_unicode_ci NOT NULL,
  `helbidea` varchar(255) COLLATE utf8_unicode_ci NOT NULL,
  `oharrak` longtext COLLATE utf8_unicode_ci,
  PRIMARY KEY (`id`)
) ENGINE=InnoDB DEFAULT CHARSET=utf8 COLLATE=utf8_unicode_ci;
/*!40101 SET character_set_client = @saved_cs_client */;

--
-- Dumping data for table `ornitzaileak`
--

LOCK TABLES `ornitzaileak` WRITE;
/*!40000 ALTER TABLE `ornitzaileak` DISABLE KEYS */;
/*!40000 ALTER TABLE `ornitzaileak` ENABLE KEYS */;
UNLOCK TABLES;

--
-- Table structure for table `zigorra`
--

DROP TABLE IF EXISTS `zigorra`;
/*!40101 SET @saved_cs_client     = @@character_set_client */;
/*!40101 SET character_set_client = utf8 */;
CREATE TABLE `zigorra` (
  `id` int(11) NOT NULL AUTO_INCREMENT,
  `bezeroa_id` int(11) DEFAULT NULL,
  `izena` varchar(255) COLLATE utf8_unicode_ci NOT NULL,
  `deskribapena` varchar(255) COLLATE utf8_unicode_ci DEFAULT NULL,
  `maila` varchar(255) COLLATE utf8_unicode_ci DEFAULT NULL,
  `egunak` int(11) DEFAULT NULL,
  `zenbatekoa` decimal(10,0) DEFAULT NULL,
  `alokatzen_utzi` tinyint(1) DEFAULT NULL,
  `created_at` datetime NOT NULL,
  `updated_at` datetime NOT NULL,
  PRIMARY KEY (`id`),
  UNIQUE KEY `UNIQ_C211B405D955BCF5` (`izena`),
  KEY `IDX_C211B405836056D8` (`bezeroa_id`),
  CONSTRAINT `FK_C211B405836056D8` FOREIGN KEY (`bezeroa_id`) REFERENCES `bezeroa` (`id`)
) ENGINE=InnoDB AUTO_INCREMENT=7 DEFAULT CHARSET=utf8 COLLATE=utf8_unicode_ci;
/*!40101 SET character_set_client = @saved_cs_client */;

--
-- Dumping data for table `zigorra`
--

LOCK TABLES `zigorra` WRITE;
/*!40000 ALTER TABLE `zigorra` DISABLE KEYS */;
INSERT INTO `zigorra` VALUES (1,NULL,'10h-24h atzerapena',NULL,'1',30,NULL,0,'2016-04-29 00:08:57','2016-04-29 00:08:57'),(2,NULL,'Atzerapena >10h edo gune desegokietan aparkatzea.',NULL,'0',7,NULL,0,'2016-04-29 00:09:27','2016-04-29 00:09:27'),(3,NULL,'Atzerapena 24h+',NULL,'1',365,NULL,0,'2016-06-08 03:58:33','2016-06-08 03:58:33'),(4,NULL,'Arinak','<p>1. Bizikleta 12 ordutik gorako atzerapenarekin itzultzea, justifikatu gabeko arrazoiengatik.</p>\r\n\r\n<p>2. Bizikleta horretarako egokitutako lekuetatik kanpo uztea.</p>\r\n\r\n<p>3. Sistemaren funtzionamendu egokirako beharrezkoak diren datuen aldaketak ez ','0',NULL,250,0,'2016-06-08 04:01:13','2016-06-08 04:01:13'),(5,NULL,'Larriak','<p>1. Bizikleta ezarritako eremuetatik kanpo erabiltzea.</p>\r\n\r\n<p>2. Bizikleta hirugarren batzuei lagatzea edo uztea.</p>\r\n\r\n<p>3. Ibilgailu horietarako ezarritako trafiko-rauak ez errespetatzea.</p>\r\n\r\n<p>4. Bizikleta funtzionamendu eta garbitasun egoer','1',NULL,750,0,'2016-06-08 04:02:03','2016-06-08 04:02:03'),(6,NULL,'Oso larriak','<p>1. Bizikleta irabazi asmoarekin erabiltzea, alokatzea, saltzea, edo helburu komertzialekin erabiltzea, merkantziak, animaliak edo pertsonak garraiatzeko.</p>\r\n\r\n<p>2. Galera, lapurreta edo ebasketa gertatzen denean salaketa ez jartzea ezarritako epe ba','2',NULL,1500,0,'2016-06-08 04:02:58','2016-06-08 04:02:58');
/*!40000 ALTER TABLE `zigorra` ENABLE KEYS */;
UNLOCK TABLES;
/*!50112 SET @disable_bulk_load = IF (@is_rocksdb_supported, 'SET SESSION rocksdb_bulk_load = @old_rocksdb_bulk_load', 'SET @dummy_rocksdb_bulk_load = 0') */;
/*!50112 PREPARE s FROM @disable_bulk_load */;
/*!50112 EXECUTE s */;
/*!50112 DEALLOCATE PREPARE s */;
/*!40103 SET TIME_ZONE=@OLD_TIME_ZONE */;

/*!40101 SET SQL_MODE=@OLD_SQL_MODE */;
/*!40014 SET FOREIGN_KEY_CHECKS=@OLD_FOREIGN_KEY_CHECKS */;
/*!40014 SET UNIQUE_CHECKS=@OLD_UNIQUE_CHECKS */;
/*!40101 SET CHARACTER_SET_CLIENT=@OLD_CHARACTER_SET_CLIENT */;
/*!40101 SET CHARACTER_SET_RESULTS=@OLD_CHARACTER_SET_RESULTS */;
/*!40101 SET COLLATION_CONNECTION=@OLD_COLLATION_CONNECTION */;
/*!40111 SET SQL_NOTES=@OLD_SQL_NOTES */;

-- Dump completed on 2021-03-11 14:22:45
